user_id,book_id,rating
1000030,9787518410576,5.0
1000030,9787521762181,5.0
1000053,9787511573537,5.0
1000238,9787559673909,3.0
1000332,9787208156272,3.0
1000332,9787100120951,4.0
1000332,9787115393180,5.0
1000332,9786263405967,4.0
1000332,9781529001587,4.0
1000332,9787536494459,2.0
1000444,9787536487543,5.0
1000566,9787549282494,3.0
1000566,9787549287529,3.0
1000566,9787549282494,3.0
1000633,9787201175133,5.0
1000649,9787530677216,5.0
1000739,9789571056593,5.0
1000739,9789571057118,2.0
1000739,9789571056586,5.0
1000743,9787115516541,5.0
1000751,9787516827864,5.0
1000775,9787551323994,3.0
1000775,9787559453594,4.0
1000854,9787213111983,4.0
1000854,9787208184756,4.0
1000890,9787536094352,3.0
1000890,9787544786065,5.0
1000890,9787536094352,3.0
1000890,9787536094352,3.0
1000890,9787536094352,3.0
1000910,9787208156272,5.0
1000910,9787536493308,4.0
1000964,9787555913689,3.0
1000964,9787555913689,3.0
1000999,9787569065602,5.0
1000999,9787569066920,4.0
1000999,9787545576481,3.0
1000999,9787559673848,4.0
1000999,9787559673848,4.0
1000999,9787545576481,3.0
1000999,9787513355391,4.0
1000999,9787569066906,4.0
1000999,9787559674272,4.0
1000999,9787544786829,5.0
1000999,9787115571137,5.0
1000999,9787559673848,4.0
1000999,9787020095377,5.0
1000999,9787533975401,3.0
1000999,9787569066913,5.0
1000999,9787229157753,4.0
1000999,9787513352413,5.0
1001011,9787544270878,4.0
1001011,9787544270878,4.0
1001118,9787513352154,4.0
1001144,9787539962214,4.0
1001144,9787539960982,3.0
1001170,9787203116592,4.0
1001170,9787516827864,4.0
1001195,9787221180391,4.0
1001195,9787521754575,4.0
1001195,9787208183902,5.0
1001195,9787513355391,4.0
1001195,9787208183360,4.0
1001195,9787208183360,4.0
1001195,9787513352765,4.0
1001329,9787121302350,5.0
1001329,9787302288992,3.0
1001329,9787516838211,3.0
1001329,9787121209970,3.0
1001329,9787115601063,5.0
1001396,9787040212891,5.0
1001396,9787115614087,4.0
1001396,9787521764222,4.0
1001396,9787508643946,5.0
1001454,9787121475016,4.0
1001454,9787121475016,4.0
1001623,9787508643946,4.0
1001698,9787536466180,2.0
1001698,9787513928960,5.0
1001698,9787559420039,4.0
1001698,9787559861184,3.0
1001698,9787572704666,4.0
1001729,9787516834824,5.0
1001729,9787516834824,5.0
1001729,9787572613197,4.0
1001804,9787545549447,5.0
1002351,9787205107802,3.0
1002833,9787208183360,5.0
1002833,9787208183360,5.0
1002833,9787208183902,5.0
1003249,9787108070753,3.0
1003249,9787301292754,3.0
1003249,9787513353700,3.0
1003249,9787513355353,3.0
1003249,9787222221048,3.0
1003249,9787521764758,3.0
1003249,9787521764758,3.0
1003249,9787530679289,3.0
1003472,9787544384636,3.0
1003472,9787536457355,4.0
1003472,9787540488475,3.0
1003510,9787544716888,5.0
1003510,9787544716888,5.0
1003510,9787301148617,4.0
1003510,9787544716888,5.0
1003623,9787301173916,4.0
1003623,9787521756098,4.0
1003948,9787521712322,5.0
1004236,9787513356114,5.0
1004236,9787544786959,2.0
1004736,9787535688804,5.0
1004908,9787545566062,4.0
1005074,9787515326399,4.0
1005080,9787532794133,5.0
1005080,9787532794133,5.0
1005080,9787532794133,5.0
1005080,9787532794133,5.0
1005080,9787532794133,5.0
1005588,9787218160672,3.0
1005588,9787532789771,2.0
1005588,9787559826664,3.0
1005611,9787521216516,5.0
1005611,9787521216516,5.0
1005964,9787221174710,4.0
1005964,9787100226943,5.0
1005992,9787559673909,5.0
1006014,9787532969623,5.0
1006014,9787532969623,5.0
1006142,9787532792603,5.0
1006276,9787511573537,4.0
1006276,9787547739792,3.0
1007660,9787521750980,4.0
1007826,9787549641932,3.0
1007826,9787213113345,3.0
1007826,9787561795965,5.0
1007826,9784065292686,3.0
1007826,9787208186231,2.0
1007826,9784065326879,4.0
1008230,9787532170708,4.0
1008230,9787508677835,3.0
1008230,9787508677835,3.0
1008230,9787521731583,4.0
1008230,9787513346528,5.0
1008230,9787513340243,4.0
1008230,9787513329903,4.0
1008230,9787501995219,4.0
1008230,9787513346528,5.0
1009469,9787540483623,3.0
1009529,9787562474999,4.0
1009630,9787508688299,4.0
1009847,9787521761450,4.0
1009900,9787561751305,4.0
1009934,9787513350839,3.0
1009934,9787521741667,3.0
1009934,9787521762549,3.0
1009934,9787572612312,4.0
1009934,9789866954672,3.0
1009934,9787572612312,4.0
1009934,9787559672377,3.0
1009934,9787572612145,3.0
1009934,9787572612145,3.0
1010039,9787522524726,5.0
1010039,9787522524726,5.0
1010039,9787513355391,5.0
1010240,9787559665799,5.0
1010240,9787513349895,4.0
1010310,9787573210227,4.0
1010310,9787513350440,4.0
1010310,9787573210227,4.0
1010348,9787536493957,4.0
1010348,9787532779840,5.0
1010348,9787541164828,4.0
1010348,9787544281379,3.0
1010354,9787020184262,5.0
1010354,9787513350501,5.0
1010354,9787559869029,4.0
1010354,9787573506023,4.0
1010421,9787532779789,4.0
1010421,9787559655639,4.0
1010421,9787540764678,4.0
1010421,9787559654465,4.0
1010421,9787559427557,4.0
1010421,9787559655639,4.0
1010505,9787572704864,5.0
1010505,9787536099760,5.0
1010505,9787521761450,5.0
1010760,9787513346887,4.0
1010760,9787547744048,4.0
1010760,9787547744048,4.0
1010926,9787550298637,4.0
1011256,9787559602152,5.0
1011335,9787559429711,4.0
1011345,9787561795965,5.0
1011524,9787550270497,4.0
1011851,9787572614682,2.0
1011858,9787559809513,5.0
1011922,9787010185071,5.0
1012162,9787539960982,3.0
1012162,9787552041736,3.0
1012162,9787552038507,3.0
1012162,9787539949796,3.0
1012162,9787558420443,4.0
1012162,9787575400978,4.0
1012162,9787552039962,4.0
1012162,9787539978529,5.0
1012162,9787539957715,3.0
1012162,9787539962214,4.0
1012336,9787571410179,5.0
1012440,9787521704709,5.0
1012440,9787218160672,3.0
1012542,9787101165838,5.0
1012655,9787802563247,2.0
1013218,9787559672650,4.0
1013218,9787108041586,4.0
1013218,9787559672650,4.0
1013579,9787544238311,5.0
1013769,9787544786829,4.0
1013769,9787508667560,3.0
1013769,9787510893445,3.0
1013769,9787513308076,5.0
1013851,9787501978564,5.0
1013920,9787229003562,4.0
1013920,9787532186686,4.0
1013920,9787521735321,3.0
1013959,9787513306331,5.0
1013959,9787532758814,4.0
1014733,9787541169946,3.0
1014733,9787541169946,3.0
1014871,9787229003562,3.0
1014871,9787535699640,5.0
1014995,9787559867759,4.0
1015000,9787572703515,4.0
1015000,9787572705649,3.0
1015151,9787536097117,4.0
1015151,9787536097117,4.0
1015409,9787522520773,3.0
1015409,9787522520773,3.0
1015409,9787516835982,3.0
1015409,9787522520773,3.0
1015426,9787544882286,4.0
1015426,9787544882286,4.0
1015695,9787505757356,3.0
1015695,9787108056832,4.0
1016866,9787218170367,4.0
1016866,9787218166117,4.0
1016878,9787521764055,4.0
1017091,9787531719540,5.0
1017091,9787572253300,4.0
1017438,9787572704864,2.0
1017438,9787508642802,5.0
1017464,9787573506085,4.0
1017510,9787121364259,3.0
1017510,9787508645131,2.0
1017510,9787552028751,1.0
1017528,9787533936020,4.0
1017842,9787572614170,4.0
1017952,9789864011483,5.0
1017995,9787509776223,3.0
1017995,9787511380326,3.0
1017995,9787205107802,4.0
1018146,9787559673510,4.0
1018146,9787572709043,4.0
1018146,9787020180240,4.0
1018146,9787572705649,4.0
1018146,9787554027806,5.0
1018146,9787530686676,5.0
1018146,9787020180240,4.0
1018146,9787547744277,5.0
1018146,9787301336168,3.0
1018191,9787513342575,1.0
1018191,9787549637317,5.0
1018191,9787559673084,4.0
1018287,9787500175643,5.0
1018287,9787521711790,5.0
1018556,9787513339896,3.0
1018558,9787513945448,4.0
1018558,9787559869029,5.0
1018568,9784065292686,4.0
1018795,9787521744842,4.0
1018795,9787508688299,4.0
1018991,9787532752805,4.0
1019159,9787553655413,4.0
1019462,9787115608970,4.0
1019462,9787536499034,3.0
1019588,9787807684503,5.0
1019694,9787108075369,5.0
1019694,9787521764055,5.0
1019694,9787508688299,3.0
1019694,9787108075369,5.0
1019787,9787532777150,5.0
1019787,9787544798471,5.0
1019787,9787532777150,5.0
1019831,9787121475016,5.0
1019831,9787301266168,5.0
1019831,9787121475016,5.0
1019831,9787516838211,5.0
1019972,9787536494459,4.0
1020035,9787543984851,4.0
1020035,9787508089171,5.0
1020085,9787516835333,4.0
1020085,9787513343695,4.0
1020158,9787533968724,5.0
1020420,9787552028751,5.0
1020922,9787533960247,5.0
1020922,9787532790036,3.0
1020958,9787010175157,4.0
1020958,9787552706673,5.0
1021017,9787539964805,5.0
1021178,9787555913054,3.0
1021359,9787559476197,3.0
1021359,9787573011145,2.0
1021394,9787536097087,5.0
1021394,9787536097087,5.0
1021472,9787513351973,2.0
1021763,9787544766791,5.0
1021803,9787100120951,4.0
1021834,9787539964812,4.0
1021834,9787539964805,4.0
1021848,9787539957715,4.0
1021848,9787559657725,3.0
1021848,9787539962214,3.0
1021848,9787555025832,3.0
1021848,9787532172788,4.0
1021848,9787559608062,4.0
1021880,9787208184756,2.0
1021880,9787559476197,1.0
1022168,9787100226943,5.0
1022168,9787532188680,5.0
1022168,9787572253300,5.0
1022597,9787536097094,4.0
1022597,9787201199559,4.0
1022597,9787201199559,4.0
1022597,9787521762303,3.0
1022597,9787536097094,4.0
1022622,9787532148004,5.0
1022788,9787513928960,5.0
1023185,9787229123772,4.0
1023490,9787111663393,4.0
1023560,9787558027932,4.0
1023640,9787542674814,5.0
1023714,9787508672717,5.0
1024122,9787121390616,4.0
1024122,9787547739792,3.0
1024207,9787501994694,5.0
1024221,9787544798587,4.0
1024235,9787547928516,4.0
1024235,9787020065271,4.0
1024235,9787547931769,4.0
1024275,9787508684031,5.0
1024414,9787536454583,4.0
1024722,9787508672717,3.0
1024722,9787559639554,5.0
1024982,9787518083602,3.0
1024982,9787559639981,4.0
1026013,9787544294881,4.0
1026041,9787508692241,3.0
1026041,9787543230217,3.0
1026364,9787559849977,4.0
1026364,9787218160672,3.0
1026502,9787532188048,5.0
1026516,9787205107802,4.0
1026912,9787213084003,4.0
1027016,9787521749885,4.0
1027565,9787521761498,5.0
1027565,9787521761498,5.0
1027580,9787020185504,3.0
1027580,9787020185504,3.0
1027791,9787541166051,3.0
1027791,9787541166051,3.0
1027791,9787541166051,3.0
1027791,9787541166051,3.0
1027791,9787541166051,3.0
1028052,9787540374440,5.0
1028101,9787536097117,3.0
1028101,9787536097117,3.0
1028192,9787559482969,4.0
1028192,9787559482969,4.0
1028247,9787544798815,4.0
1028405,9787500173564,3.0
1028405,9787549550142,4.0
1028835,9787508677835,3.0
1028835,9787559673053,2.0
1028835,9787508677835,3.0
1029011,9787544798563,5.0
1029011,9787559841230,5.0
1029011,9787108060273,5.0
1029011,9787208182226,3.0
1029011,9787559671547,5.0
1029034,9787111665649,5.0
1029511,9787121209970,3.0
1029752,9787536079113,5.0
1029752,9787536079113,5.0
1029752,9787536079113,5.0
1029752,9787572613012,3.0
1029752,9787572613012,3.0
1029954,9787559674067,4.0
1029954,9787108076083,4.0
1029954,9787515525310,2.0
1029954,9787208187078,2.0
1029954,9787208187078,2.0
1029954,9787515525310,2.0
1029954,9787559673022,4.0
1029954,9787547746479,4.0
1029954,9787515525310,2.0
1029954,9787559674067,4.0
1029954,9787020183029,3.0
1029954,9787559859754,3.0
1029954,9787547746479,4.0
1029954,9787521764277,3.0
1029978,9787532759675,5.0
1029978,9787222221833,4.0
1029978,9787222221833,4.0
1029981,9787521726923,3.0
1030193,9787111421917,2.0
1030193,9787573908896,3.0
1030253,9787559639981,4.0
1030253,9787229175351,5.0
1030253,9787115571137,4.0
1030837,9787559617224,5.0
1030837,9787111734222,5.0
1030837,9787213068041,5.0
1031085,9787571023737,5.0
1031085,9787571023744,5.0
1031180,9787218173863,4.0
1031180,9787218173863,4.0
1031190,9787541166563,3.0
1031190,9787308180948,4.0
1031190,9787557021115,5.0
1031190,9787557021115,5.0
1031850,9787121364259,5.0
1032146,9787574007406,5.0
1032146,9787545219838,4.0
1032146,9787532792993,4.0
1032146,9787521757552,4.0
1032146,9787533964337,3.0
1032146,9787532188161,4.0
1032146,9787020179367,4.0
1032146,9787573506153,4.0
1032146,9787512515413,4.0
1032146,9787020184309,4.0
1032146,9787559676610,4.0
1032211,9787521764758,3.0
1032415,9787536494220,4.0
1032415,9787547739792,4.0
1032415,9787521739725,4.0
1032415,9787807682158,5.0
1032415,9787213101625,3.0
1032415,9787220126437,3.0
1032415,9787544784344,5.0
1032415,9787550230439,3.0
1032579,9787806407110,5.0
1033056,9787513316750,5.0
1033056,9787513324717,1.0
1033056,9787513324717,1.0
1033608,9787121314384,5.0
1033608,9787521761450,2.0
1033608,9787229003562,3.0
1033608,9787515367088,5.0
1033608,9787562491316,5.0
1034209,9787559476197,2.0
1034209,9787567532694,5.0
1034209,9787536097643,4.0
1034315,9787572616389,5.0
1034315,9787559808523,4.0
1034315,9787572616389,5.0
1034315,9787572616389,5.0
1034315,9787572616389,5.0
1035087,9787221173836,5.0
1035087,9787536455528,4.0
1035087,9787513344180,5.0
1035087,9787513344180,5.0
1035087,9787513344180,5.0
1035087,9787221173836,5.0
1035383,9787121363702,3.0
1035990,9787020065271,5.0
1036423,9787539966229,5.0
1036741,9787020183043,4.0
1037247,9787115638786,4.0
1037247,9787543988736,5.0
1037247,9787513352697,4.0
1037247,9787571024611,5.0
1037247,9787500171119,5.0
1037247,9787572616709,5.0
1037247,9787020184309,5.0
1037284,9787521762303,4.0
1037284,9787536496101,4.0
1037284,9787544798471,4.0
1037284,9787513343695,4.0
1037284,9787208187078,4.0
1037284,9787208187078,4.0
1037547,9787115629579,2.0
1037569,9787300236476,3.0
1037569,9787115371775,5.0
1037583,9787518414307,3.0
1037583,9787111735779,4.0
1037583,9787111735779,4.0
1037583,9787532186686,4.0
1037583,9787559662347,4.0
1037805,9787115552365,4.0
1037929,9787547744277,5.0
1037929,9787559837967,5.0
1037929,9787208183902,4.0
1037929,9787521760507,4.0
1037929,9787208186941,4.0
1038143,9787513315487,3.0
1038143,9787508693903,3.0
1038143,9787530679289,4.0
1038829,9787551315654,4.0
1038886,9787559608710,4.0
1039029,9780679963738,4.0
1039029,9787213035036,4.0
1039029,9787807682158,4.0
1039141,9787302464778,3.0
1039141,9787208158191,4.0
1039141,9787222220713,4.0
1039224,9787513353700,5.0
1039224,9787115470294,5.0
1039224,9787115470294,5.0
1040041,9787121466809,5.0
1040068,9787220135156,4.0
1040068,9787305272950,5.0
1040077,9787559666932,4.0
1040114,9787559667151,2.0
1040114,9787544280020,5.0
1040114,9787544280020,5.0
1040184,9787544792745,5.0
1040184,9787544792745,5.0
1040251,9787521761450,4.0
1040296,9787572253300,5.0
1040367,9787574007406,2.0
1040367,9787108076083,3.0
1040367,9787572612671,3.0
1040367,9787559480330,3.0
1040367,9787574602304,4.0
1040367,9787544798471,2.0
1040532,9787115516763,3.0
1040879,9787208144149,5.0
1041017,9787506345040,4.0
1041017,9787508644868,3.0
1041144,9787559676610,5.0
1041333,9787221178954,4.0
1041333,9787572616075,4.0
1041333,9787205107802,4.0
1041333,9787305277214,4.0
1041423,9787547744482,4.0
1041423,9787547744482,4.0
1041423,9787547743126,4.0
1041720,9787201161693,4.0
1041720,9787201161693,4.0
1041979,9787562070146,4.0
1041979,9787108062321,4.0
1042290,9787521756111,3.0
1042340,9787208182714,4.0
1042340,9787500175643,5.0
1042340,9787208182714,4.0
1042441,9787559671547,5.0
1042441,9787532796175,4.0
1042606,9787551421546,4.0
1042606,9787559666932,4.0
1043300,9787508089171,5.0
1043499,9787536096912,4.0
1043499,9787536096912,4.0
1043548,9787532796175,4.0
1043564,9787108006639,4.0
1043564,9787521764406,4.0
1043726,9787549606146,4.0
1043775,9787111680925,5.0
1044252,9787115233707,4.0
1044252,9787020154708,3.0
1044346,9787532188161,4.0
1044346,9787208187474,4.0
1044346,9787559673909,4.0
1044346,9787208176393,5.0
1044346,9787208187474,4.0
1044567,9787505754942,3.0
1044567,9787513350440,5.0
1044567,9787505754942,3.0
1044567,9787505754942,3.0
1044567,9787513316743,1.0
1045016,9787542682147,4.0
1045034,9787508662992,3.0
1045047,9787520214292,4.0
1045101,9787111474364,4.0
1045138,9787505745032,5.0
1045138,9787546213347,5.0
1045138,9787559657725,4.0
1045333,9787513356367,4.0
1045333,9787115338914,5.0
1045534,9787544280020,4.0
1045534,9787544280020,4.0
1045573,9787511744456,4.0
1045573,9787532794874,4.0
1045573,9787521754575,4.0
1045573,9787532792603,4.0
1045573,9787100201155,4.0
1045573,9787521761764,5.0
1045573,9787571023737,5.0
1045573,9787108077363,5.0
1045573,9787542683083,4.0
1045573,9787559485410,4.0
1045573,9787221176318,5.0
1045573,9787574008885,4.0
1045573,9787545823172,5.0
1045573,9787574601178,4.0
1045573,9787559867247,5.0
1045573,9787108058225,5.0
1045573,9787535692313,5.0
1045573,9787535698841,5.0
1045573,9787100212151,5.0
1045573,9787532185962,5.0
1045573,9787547928516,5.0
1045573,9787208187467,5.0
1045573,9787100199322,5.0
1045573,9787521750867,4.0
1045573,9787301331880,5.0
1045573,9787535699657,5.0
1045573,9787521764567,4.0
1045573,9787208187467,5.0
1045573,9787108071965,5.0
1045573,9787547744277,5.0
1045573,9787574602175,4.0
1045573,9787208187467,5.0
1045573,9787558087233,5.0
1045573,9787532794089,5.0
1045573,9787559481788,4.0
1045573,9787574603301,4.0
1045573,9787568070775,5.0
1045573,9787533974893,5.0
1045573,9787559864598,5.0
1045573,9787222224933,5.0
1045646,9787547306611,4.0
1045667,9787101165838,3.0
1045687,9787121390616,4.0
1045777,9787542679307,4.0
1045899,9787300325316,4.0
1045899,9787545577372,5.0
1045899,9787541169175,5.0
1045899,9787559863324,5.0
1045899,9787541169175,5.0
1045899,9787545823172,5.0
1045899,9787572616907,5.0
1045899,9787549641789,5.0
1045899,9787549641789,5.0
1045899,9787571024611,5.0
1045899,9787532189526,5.0
1045899,9787541169175,5.0
1045899,9787513353724,5.0
1045899,9787572616907,5.0
1045899,9787535692313,5.0
1045899,9787300325316,4.0
1045899,9787221179364,5.0
1046129,9787115470294,5.0
1046129,9787115470294,5.0
1046141,9787555037040,5.0
1046141,9787555037040,5.0
1046370,9787100098410,3.0
1046897,9787508646640,4.0
1046897,9787536489745,4.0
1046897,9787807682158,5.0
1046897,9787505724655,4.0
1047206,9787559627131,5.0
1047206,9787513314602,4.0
1047206,9787513311229,3.0
1047206,9787513311229,3.0
1047206,9787517703822,5.0
1047206,9787559627131,5.0
1047514,9787208187467,3.0
1047514,9787208187467,3.0
1047514,9787559672827,5.0
1047514,9787208187467,3.0
1047577,9787513942744,4.0
1047584,9787600668182,4.0
1047639,9787540447816,2.0
1047753,9787559453594,4.0
1047753,9787121114328,4.0
1047753,9787520214988,5.0
1047753,9787520214292,4.0
1047835,9787561798270,5.0
1048034,9787515371207,4.0
1048096,9787536457355,5.0
1048225,9787542678652,4.0
1048225,9787542678652,4.0
1048225,9787505756618,4.0
1048225,9787555025832,3.0
1048225,9787542678652,4.0
1048225,9787540483623,4.0
1048225,9787505756618,4.0
1048225,9787542678652,4.0
1048407,9787513349895,4.0
1048449,9787513355896,4.0
1048449,9787513355896,4.0
1048449,9787218167367,4.0
1048449,9787541169380,5.0
1048449,9787521726923,4.0
1048449,9787513355896,4.0
1048577,9787509745120,3.0
1048577,9787571500139,3.0
1048577,9787559809513,5.0
1048691,9787100210478,5.0
1048691,9787572704666,4.0
1048885,9787208176393,5.0
1049008,9787572614439,5.0
1049207,9787551315654,5.0
1049232,9787518421695,3.0
1049253,9787536097360,5.0
1049253,9787505743762,4.0
1049253,9787508618296,3.0
1049253,9787545219937,5.0
1049253,9787559851970,5.0
1049746,9787521764277,4.0
1049746,9787521761498,4.0
1049746,9787521761498,4.0
1049746,9787513351201,5.0
1049746,9787559865427,4.0
1049746,9787547743126,4.0
1050162,9787801452023,3.0
1050203,9787229158736,5.0
1050254,9787305203305,3.0
1050254,9787503950179,3.0
1050648,9787218173863,3.0
1050648,9787218173863,3.0
1050880,9787308163347,4.0
1050880,9787558420443,5.0
1050880,9787542674227,3.0
1050880,9787559627131,5.0
1050880,9787542674227,3.0
1050880,9787544786959,4.0
1050880,9787559627131,5.0
1050880,9787229175351,5.0
1050880,9787572020827,4.0
1050999,9787221119575,5.0
1050999,9787201157412,4.0
1050999,9787221119575,5.0
1050999,9787106038441,5.0
1050999,9787106083434,2.0
1050999,9787106038441,5.0
1050999,9787201157412,4.0
1051129,9787553452920,2.0
1051433,9787559863034,5.0
1051469,9787550226425,4.0
1051697,9787108071965,5.0
1051722,9787513317658,4.0
1052535,9787544222976,4.0
1052535,9787544222976,4.0
1052764,9787532752850,5.0
1053136,9787508662992,5.0
1053491,9787301204689,4.0
1053522,9787500174608,5.0
1053522,9787542682147,5.0
1053522,9787572615610,5.0
1053522,9787572616907,5.0
1053522,9787572710841,4.0
1053522,9787559865427,5.0
1053522,9787500173564,5.0
1053522,9787572613845,4.0
1053522,9787559479471,5.0
1053522,9787541169175,5.0
1053522,9787559628572,5.0
1053522,9787559860286,5.0
1053522,9787559863324,5.0
1053522,9787533497620,5.0
1053522,9787559862228,5.0
1053522,9787542684356,5.0
1053522,9787559863607,5.0
1053522,9787549641789,4.0
1053522,9787500174431,5.0
1053522,9787559477767,5.0
1053522,9787300325316,4.0
1053522,9787521763799,4.0
1053522,9787559869029,5.0
1053522,9787532792993,5.0
1053522,9787573505538,5.0
1053522,9787572277450,5.0
1053522,9787559860286,5.0
1053522,9787221179364,5.0
1053522,9787559867216,5.0
1053522,9787541169175,5.0
1053522,9787510479106,4.0
1053522,9787300325316,4.0
1053522,9787559628572,5.0
1053522,9787572711350,5.0
1053522,9787572616907,5.0
1053522,9787572614866,5.0
1053522,9787574603950,5.0
1053522,9787541169175,5.0
1053522,9787549641789,4.0
1053522,9787572615863,5.0
1053522,9787535692313,5.0
1053522,9787559867193,5.0
1053522,9787533973551,5.0
1053522,9787545580174,5.0
1053522,9787572616174,5.0
1053622,9787536455528,4.0
1053682,9787559849977,3.0
1053682,9787559849977,3.0
1054409,9787542633354,4.0
1054495,9787559813268,4.0
1054603,9787520112178,5.0
1055018,9787108071965,4.0
1055018,9787513351201,4.0
1055018,9787516835333,4.0
1055018,9787532764303,4.0
1055164,9787544876155,3.0
1055164,9789866954672,3.0
1055164,9787508695488,2.0
1055398,9787519119591,4.0
1055398,9787542684202,4.0
1055539,9787208181632,5.0
1055629,9787542679307,4.0
1055852,9787115371775,5.0
1055852,9787544786065,4.0
1056033,9787511213273,5.0
1056370,9787508672717,3.0
1056462,9787540480608,3.0
1056462,9787559616807,3.0
1056462,9787550262652,3.0
1056462,9787540483623,3.0
1056462,9787508645131,4.0
1056462,9787521717907,5.0
1056521,9787521745276,5.0
1056633,9787553452913,5.0
1056861,9787521757583,4.0
1056924,9787555913740,5.0
1056924,9787108050977,5.0
1057103,9787521764222,5.0
1057103,9787500173625,3.0
1057111,9787572612329,3.0
1057111,9787532751471,4.0
1057111,9787535439765,5.0
1057111,9787572612329,3.0
1057111,9787532751471,4.0
1057111,9787572612329,3.0
1057270,9787522200514,5.0
1057270,9787208062153,5.0
1057308,9787567556867,5.0
1057308,9787567559882,5.0
1057399,9787540480608,5.0
1057645,9787530967362,3.0
1057693,9787802288553,3.0
1058147,9787213054839,3.0
1058351,9787213104374,3.0
1058351,9787521749885,5.0
1059036,9787545219838,4.0
1059036,9787559628312,3.0
1059357,9787559098849,5.0
1060044,9787562491316,5.0
1060065,9787208171336,3.0
1060065,9787516824344,5.0
1060391,9787544277716,4.0
1060391,9787544277716,4.0
1060597,9787301215692,4.0
1060617,9787556134649,4.0
1060790,9787201175133,2.0
1060877,9787568090360,4.0
1060877,9787542676573,4.0
1060877,9787208181953,4.0
1060877,9787208135246,4.0
1060981,9787532702176,4.0
1061019,9787111418146,4.0
1061055,9787111680925,4.0
1061105,9787213105913,4.0
1061105,9787544280020,5.0
1061105,9787544280020,5.0
1061117,9787532148004,5.0
1061118,9787521761788,5.0
1061379,9787513349505,3.0
1061841,9787301266168,5.0
1061967,9787552028799,5.0
1062025,9787100235648,5.0
1062054,9787229170646,4.0
1062054,9787505743052,4.0
1062054,9787550102996,3.0
1062144,9787559671547,4.0
1062144,9787213111563,5.0
1062144,9787559671738,4.0
1062186,9787515525310,4.0
1062186,9787521765175,5.0
1062186,9787550740198,4.0
1062186,9787559865427,4.0
1062186,9787515525310,4.0
1062186,9787521762303,3.0
1062186,9787516835333,5.0
1062186,9787515525310,4.0
1062186,9787559658180,4.0
1062488,9787513350501,5.0
1062488,9787513352765,4.0
1062705,9780765377104,4.0
1062895,9787512507319,4.0
1064579,9787213069758,5.0
1064579,9789866954672,4.0
1064709,9787559411174,4.0
1065097,9787508675770,4.0
1065130,9787559674272,5.0
1066112,9787229141035,5.0
1066112,9787559666932,4.0
1066213,9787111421917,3.0
1066237,9787218167367,3.0
1066237,9787521762303,2.0
1066351,9787540490423,4.0
1066351,9787508607719,5.0
1066502,9787536474673,4.0
1066502,9787514233650,3.0
1066502,9787514233650,3.0
1067200,9787522526027,4.0
1067200,9787220135705,5.0
1067265,9786263225985,5.0
1067265,9789865127053,5.0
1067265,9787559817686,4.0
1067265,9786263405967,5.0
1067280,9787108006714,5.0
1067280,9787508648286,5.0
1067491,9784088826127,4.0
1067491,9787574007406,3.0
1067618,9787108071569,5.0
1067618,9787802115279,5.0
1067618,9787203090342,4.0
1067641,9787513945202,5.0
1067641,9787572615610,5.0
1067641,9787533973773,4.0
1067641,9787545577372,4.0
1067641,9787542676573,5.0
1067641,9787522521916,4.0
1067641,9787505757318,3.0
1067641,9787513335270,5.0
1067641,9787020185504,4.0
1067641,9787545823172,4.0
1067641,9787522521916,4.0
1067641,9787020185504,4.0
1067641,9787505757318,3.0
1067641,9787559865519,4.0
1067641,9787522521916,4.0
1067641,9787559674180,5.0
1068147,9787559826664,3.0
1068169,9787506384124,5.0
1068169,9787213101625,4.0
1068237,9787544709422,5.0
1068793,9787208176393,4.0
1068793,9787553655413,4.0
1069572,9787544270878,5.0
1069572,9787544270878,5.0
1069572,9787544270878,5.0
1069903,9787542675880,4.0
1069909,9787540478025,3.0
1069909,9789573341086,4.0
1069909,9789573341086,4.0
1070044,9787108071965,4.0
1070044,9787108072870,4.0
1070044,9787542676573,3.0
1070056,9787532175697,5.0
1070056,9787539981635,4.0
1070056,9787020155972,4.0
1070056,9787513307741,2.0
1070304,9787536097117,4.0
1070304,9787536097117,4.0
1070926,9787533975401,3.0
1070926,9787521755756,4.0
1070926,9787521755756,4.0
1070926,9787521755756,4.0
1070963,9787213113345,3.0
1070963,9787548619925,2.0
1070963,9787548619925,2.0
1070963,9787559826664,3.0
1070963,9787020178377,3.0
1070963,9787513943239,3.0
1070963,9787302274353,1.0
1070963,9787218160672,3.0
1070963,9787208135246,3.0
1070963,9787020185504,3.0
1070963,9787521756098,2.0
1070963,9787020185504,3.0
1070963,9787513353700,1.0
1070963,9787505743052,3.0
1071065,9787572606298,4.0
1071065,9787513340366,4.0
1071065,9787559666895,5.0
1071163,9787573011749,4.0
1071336,9787542633354,3.0
1071353,9787508688299,4.0
1071805,9787201088945,3.0
1071832,9787300254746,4.0
1072036,9787530686676,4.0
1072232,9787302500018,3.0
1073451,9787559671738,4.0
1073556,9787513345156,3.0
1073628,9787549634637,5.0
1073736,9787111421917,3.0
1073813,9787559861184,4.0
1073977,9787545581836,4.0
1073983,9787222143975,5.0
1073983,9787222143975,5.0
1073983,9787540468422,4.0
1073983,9787521735345,4.0
1073983,9787547744048,5.0
1073983,9787547744048,5.0
1073983,9787203116592,5.0
1073983,9787514382150,5.0
1074089,9787567556867,4.0
1074138,9787550177307,5.0
1074138,9787521764055,4.0
1074269,9787559465801,4.0
1074269,9787508684031,1.0
1074373,9787532189922,4.0
1074373,9787532189922,4.0
1074373,9787532189922,4.0
1074489,9787213111822,5.0
1075013,9787547300206,5.0
1075227,9787506345040,3.0
1075231,9787572614361,4.0
1075410,9787513344142,4.0
1075410,9787513351850,3.0
1075410,9787513344142,4.0
1075410,9787513351850,3.0
1075410,9787513351850,3.0
1075529,9787517703822,4.0
1075651,9787572614675,4.0
1075651,9787521226805,3.0
1075651,9787521226805,3.0
1075651,9787208184756,4.0
1075651,9787536453241,5.0
1075651,9787572614675,4.0
1075651,9787572614675,4.0
1075651,9787572614675,4.0
1075651,9787544798587,3.0
1075651,9787545566062,4.0
1075651,9787521226805,3.0
1075816,9787521726923,3.0
1076441,9787514332056,3.0
1076829,9787508673172,4.0
1076829,9787540478025,3.0
1077129,9787532170708,5.0
1077129,9787521762181,4.0
1077129,9787544784344,5.0
1077129,9787208172036,5.0
1077214,9787020180240,4.0
1077214,9787553528540,3.0
1077214,9787020180240,4.0
1077214,9789571056586,3.0
1077214,9789571090054,3.0
1077221,9787229137137,4.0
1077285,9784757736368,5.0
1077415,9787535484093,2.0
1077449,9787514315974,4.0
1077449,9787559664358,5.0
1077764,9787532188161,3.0
1077774,9787521226102,4.0
1077774,9787559869029,4.0
1077774,9787572616389,4.0
1077774,9787572710841,4.0
1077774,9787572616389,4.0
1077774,9787572616389,4.0
1077774,9787572616389,4.0
1077774,9787101165838,5.0
1077801,9787020102792,4.0
1077985,9787229145781,3.0
1077985,9787513352765,4.0
1078120,9787542682147,5.0
1078120,9787559858474,3.0
1078154,9787559416735,5.0
1078532,9787213084003,5.0
1079000,9787213112201,3.0
1079021,9787544879842,3.0
1079021,9787544879842,3.0
1079021,9787544876155,4.0
1079106,9787513353939,4.0
1079106,9787513353939,4.0
1079106,9787513353939,4.0
1079186,9787550291225,4.0
1079186,9787553518510,5.0
1079186,9787532170708,4.0
1079186,9787555913740,4.0
1079186,9787559416551,4.0
1079473,9787811392722,3.0
1079473,9787573505736,3.0
1079473,9787521760804,3.0
1079473,9787020185504,4.0
1079473,9787521760804,3.0
1079473,9787020185504,4.0
1079999,9787544048453,5.0
1080877,9787111555377,5.0
1080881,9787111421917,3.0
1082056,9787570235261,4.0
1082056,9787570235261,4.0
1082140,9787802259973,3.0
1082163,9787533971205,4.0
1082163,9787532777914,5.0
1082163,9787504388025,4.0
1082163,9787505745032,5.0
1082163,9787020111763,5.0
1082163,9787210082989,3.0
1082163,9787573505736,4.0
1082163,9787532777914,5.0
1082584,9787549574056,4.0
1082867,9787108006721,5.0
1082867,9787108006721,5.0
1082881,9787020084357,3.0
1082881,9787020084357,3.0
1082881,9787542684202,4.0
1083093,9787508673868,4.0
1083379,9787532188680,5.0
1083554,9787530687871,5.0
1083554,9787530687888,5.0
1083595,9787229158736,5.0
1083626,9787539954370,4.0
1083626,9787539954356,3.0
1083626,9787536079113,4.0
1083626,9787536079113,4.0
1083626,9787536079113,4.0
1083945,9787536454484,2.0
1083945,9787229137137,3.0
1083945,9787229123772,4.0
1084447,9787542631626,5.0
1084475,9787559673848,3.0
1084475,9787559673848,3.0
1084475,9787559673848,3.0
1085033,9787550270497,4.0
1085054,9787220093845,4.0
1085637,9787229151430,5.0
1085637,9787229151447,5.0
1085637,9787229151461,5.0
1085637,9787229151478,4.0
1085637,9787229151454,4.0
1085637,9787229151423,4.0
1085637,9787229151447,5.0
1086370,9787111727699,5.0
1086370,9787561795965,5.0
1086370,9787111727699,5.0
1086370,9787501163892,5.0
1086537,9787519119591,5.0
1086544,9787513353397,4.0
1086544,9787544798471,5.0
1086665,9787536493759,5.0
1086665,9787513340694,5.0
1086860,9787544270472,5.0
1086902,9789573341086,3.0
1086983,9787521764567,4.0
1086983,9787308163347,4.0
1086983,9787547744482,5.0
1086983,9787505757523,4.0
1086983,9787522521916,4.0
1086983,9787547744482,5.0
1086983,9787522521916,4.0
1086983,9787522521916,4.0
1087580,9787571023744,5.0
1087580,9787535698841,4.0
1087580,9787108071965,5.0
1087960,9787533973568,3.0
1087960,9787532791569,3.0
1087960,9787302500018,3.0
1087963,9787559627131,3.0
1087963,9787559627131,3.0
1088376,9787547747216,4.0
1088376,9787547747216,4.0
1088376,9787547747216,4.0
1088611,9787531719540,4.0
1088718,9787506039918,5.0
1088853,9787208187467,3.0
1088853,9787208187467,3.0
1088853,9787208187467,3.0
1088853,9787559837967,3.0
1088947,9787108060273,5.0
1088947,9787513352383,5.0
1088947,9787535685209,5.0
1089146,9787504689788,5.0
1089406,9787301280768,3.0
1089480,9787518402229,5.0
1089480,9787558420443,5.0
1090156,9787208182714,4.0
1090156,9787208182714,4.0
1090308,9787532184439,4.0
1090308,9787115608970,2.0
1090308,9787521757842,3.0
1090308,9787508692241,3.0
1090308,9787511573537,5.0
1090308,9787516827864,4.0
1090308,9787530218181,3.0
1090308,9787539987149,4.0
1090308,9787020183029,5.0
1090308,9787533970055,5.0
1090966,9787518410576,5.0
1091208,9787558166853,4.0
1091208,9787536098794,2.0
1091208,9784101802848,2.0
1091208,9789864014194,2.0
1091208,9787547010105,4.0
1091208,9784864109826,4.0
1091208,9789574505531,3.0
1091208,9787546352206,2.0
1091208,9787514231274,3.0
1091311,9787547300749,3.0
1091321,9787573506078,3.0
1091321,9787559622815,3.0
1091321,9787208134003,4.0
1091321,9787532184422,5.0
1091321,9787573506078,3.0
1091321,9787559473530,3.0
1091321,9787573506078,3.0
1091339,9787573506023,3.0
1091339,9787550270497,3.0
1091425,9787559612762,4.0
1091637,9787559465801,4.0
1091637,9787572605765,3.0
1091637,9787505724655,3.0
1091637,9787121132407,5.0
1091657,9787553819136,4.0
1091657,9787516838211,4.0
1091657,9787521704709,3.0
1091869,9787806226148,4.0
1092066,9787511726650,5.0
1092298,9787544747370,5.0
1092868,9787513931182,4.0
1092868,9787513316972,4.0
1092886,9787521764222,1.0
1092886,9787115495518,4.0
1092886,9787203116592,5.0
1092886,9787559470560,5.0
1092886,9787521731460,4.0
1092886,9787521731460,4.0
1092886,9787513350440,4.0
1092886,9787521731460,4.0
1093067,9787100177740,5.0
1093189,9787020181575,4.0
1093189,9787532184422,4.0
1093208,9787801455260,5.0
1093578,9787518415601,5.0
1093790,9787531735656,5.0
1094049,9787552029185,5.0
1094049,9787559666895,4.0
1094049,9787515355122,5.0
1094049,9787100110457,5.0
1094049,9787213065996,4.0
1094049,9787550102996,4.0
1094049,9787020145072,5.0
1094049,9787550268517,5.0
1094049,9787508692241,4.0
1094049,9787513340694,4.0
1094049,9787521750485,4.0
1094049,9787540480790,3.0
1094049,9787511715548,4.0
1094056,9787020181575,5.0
1094130,9787559666932,4.0
1094172,9787572615610,4.0
1094456,9787521762457,4.0
1094486,9787550232822,5.0
1094660,9787505757523,3.0
1094713,9787508672717,3.0
1095095,9787513344456,4.0
1095095,9787513315029,3.0
1095187,9787559416896,4.0
1095331,9787540480608,4.0
1095382,9787020183791,4.0
1095382,9789573341086,5.0
1095755,9787101125122,5.0
1095807,9787807551379,5.0
1096018,9787530214657,3.0
1096018,9787530214657,3.0
1096018,9787530214657,3.0
1096095,9787542680679,4.0
1096095,9787547517086,4.0
1096095,9788016015966,5.0
1096163,9787559639554,4.0
1096163,9787020161874,3.0
1096163,9787020161874,3.0
1096376,9787514332056,1.0
1096376,9787559612762,3.0
1096452,9787539954356,5.0
1096785,9787555913740,4.0
1096785,9787513350440,3.0
1096785,9787547745977,3.0
1096812,9787229123772,5.0
1096829,9787111663393,4.0
1096896,9787218167367,4.0
1096984,9787559864598,5.0
1097251,9787532189922,5.0
1097251,9787532189922,5.0
1097251,9787532189922,5.0
1097551,9787303207695,5.0
1097551,9787559608062,5.0
1097551,9787572615610,4.0
1097551,9787559461186,4.0
1097551,9787532793303,5.0
1097551,9787100210478,5.0
1097594,9787521762112,4.0
1097738,9787521755459,5.0
1097738,9787218160672,4.0
1097738,9787508618296,5.0
1097947,9787106038441,4.0
1097947,9787106083434,4.0
1098155,9787513348621,3.0
1098195,9787562491316,4.0
1098276,9787536494220,5.0
1098276,9787512515413,4.0
1098581,9787521764277,5.0
1099016,9787208184749,5.0
1099016,9787208187078,5.0
1099016,9787522519647,5.0
1099016,9787208187078,5.0
1099016,9787208184749,5.0
1099102,9787549228522,2.0
1099102,9787020186068,3.0
1099102,9787536097643,3.0
1099102,9787020186068,3.0
1099102,9787555916666,4.0
1099102,9787020186068,3.0
1099323,9787544398565,5.0
1099323,9787203116592,4.0
1099323,9787544398565,5.0
1099697,9787555025832,3.0
1100112,9787218173863,4.0
1100112,9787575300148,3.0
1100112,9787218173863,4.0
1100344,9787511715548,5.0
1100647,9787513354370,4.0
1100647,9787544242820,5.0
1100792,9787513353090,4.0
1100794,9787533970055,3.0
1101221,9787115369840,5.0
1101387,9787544294119,2.0
1101526,9787508616827,5.0
1102085,9787302355168,4.0
1102153,9787553819174,4.0
1102169,9787516834824,3.0
1102169,9787516834824,3.0
1102169,9787550242234,4.0
1102703,9787542684295,5.0
1102703,9787559863171,5.0
1102888,9787569538427,4.0
1102888,9787569538427,4.0
1102888,9787221176257,5.0
1102888,9787541161056,5.0
1102916,9787539981635,4.0
1102916,9787549637270,4.0
1102916,9787549637270,4.0
1102916,9787544786829,5.0
1102947,9787505752290,4.0
1102947,9787020155972,3.0
1102947,9784065292686,4.0
1102960,9787541160998,4.0
1102981,9787559660206,5.0
1103197,9787544879842,4.0
1103197,9787218167367,5.0
1103197,9787544879842,4.0
1103197,9787547747117,4.0
1103197,9787544882286,4.0
1103197,9787544882286,4.0
1103197,9787557032746,2.0
1103197,9787219116555,5.0
1103197,9787572600661,4.0
1103197,9787505745032,4.0
1103197,9787547747117,4.0
1103298,9787572608582,3.0
1103298,9787572608582,3.0
1103298,9787572608582,3.0
1103298,9787572608582,3.0
1103298,9787572608582,3.0
1103573,9787572703515,3.0
1103869,9787559636041,4.0
1105175,9787208183902,5.0
1105175,9787572702600,5.0
1105219,9787108041586,5.0
1105344,9787508672717,2.0
1105395,9787542684738,1.0
1105395,9787542684738,1.0
1105847,9787571610807,3.0
1105865,9787530223598,2.0
1106060,9787208148314,4.0
1106264,9787802288553,5.0
1106293,9787305274138,5.0
1106293,9787541151293,5.0
1106293,9787305274138,5.0
1106293,9787539964805,5.0
1106293,9787541151293,5.0
1106713,9787546237381,3.0
1106713,9787546237381,3.0
1106713,9787533971762,4.0
1106842,9787121420818,3.0
1106842,9787531329329,3.0
1106854,9787533964337,2.0
1106931,9787513355896,3.0
1106931,9787569538427,2.0
1106931,9787544297165,3.0
1106931,9787513355896,3.0
1106931,9787513355896,3.0
1106931,9787532795161,3.0
1106931,9787569538427,2.0
1107114,9787305272950,5.0
1107114,9787505757523,5.0
1107114,9787573506061,5.0
1107306,9787516826997,3.0
1108093,9787559660169,5.0
1108093,9787521735734,4.0
1108093,9787521756616,4.0
1108093,9787559098849,4.0
1108093,9787521756616,4.0
1108093,9787218160672,4.0
1108093,9787521762112,5.0
1108093,9787516661802,4.0
1108461,9787222143975,4.0
1108461,9787222143975,4.0
1108461,9787521757552,5.0
1108491,9787542669964,3.0
1108491,9787542669964,3.0
1108491,9787542669964,3.0
1108491,9787542669964,3.0
1108494,9787521760804,4.0
1108494,9787521760804,4.0
1108541,9787201088945,4.0
1109113,9787020169207,5.0
1109263,9787300287669,4.0
1109263,9787559427557,4.0
1109263,9787505743762,2.0
1109263,9787559427557,4.0
1109415,9787559673084,5.0
1109415,9787553721903,5.0
1109497,9787559636041,5.0
1109497,9787574007369,5.0
1109769,9787516661802,4.0
1109844,9787521764123,4.0
1109844,9787521762181,4.0
1109844,9787521764123,4.0
1109854,9787020177349,3.0
1109926,9787201157412,4.0
1109926,9787201157412,4.0
1110186,9787515341132,5.0
1110191,9787559612762,1.0
1110656,9787806407110,5.0
1110664,9787571434502,4.0
1110664,9787521750867,5.0
1110664,9787101164367,5.0
1110664,9787571434502,4.0
1110664,9787500173564,4.0
1110664,9787522526027,5.0
1111072,9787020132003,5.0
1111251,9787572711350,5.0
1111486,9787545549447,3.0
1111486,9787559852533,4.0
1111486,9787201175133,5.0
1111486,9787539966847,3.0
1111486,9787539965864,4.0
1111486,9787559852533,4.0
1111486,9787539964812,4.0
1111486,9787201175133,5.0
1111486,9787550317802,4.0
1111486,9787539966632,4.0
1111486,9787539966854,4.0
1111616,9787508673172,3.0
1112542,9787574602304,5.0
1112542,9787573506061,4.0
1112542,9787305262432,4.0
1112542,9787221172341,3.0
1112542,9787208186941,5.0
1112583,9787536097117,3.0
1112583,9787521761498,4.0
1112583,9787536097117,3.0
1112583,9787521761498,4.0
1112595,9787530215593,4.0
1112894,9787530216224,5.0
1112894,9787509745120,4.0
1112922,9787544276207,3.0
1112922,9787505745032,4.0
1112922,9787534050640,4.0
1112922,9787544276207,3.0
1112942,9787569065602,4.0
1113145,9787111664772,3.0
1113145,9787806574317,3.0
1113165,9787208176393,4.0
1113171,9787229175351,5.0
1113537,9787111636885,5.0
1113569,9787532790739,2.0
1113607,9787559836052,5.0
1113607,9787559864598,5.0
1114084,9787201202075,5.0
1114107,9787536097117,4.0
1114107,9787559646996,4.0
1114107,9787536097117,4.0
1114107,9787208134195,4.0
1114216,9787516835333,5.0
1114409,9787547744086,4.0
1114409,9787547744086,4.0
1114409,9787547744086,4.0
1114471,9787554027806,5.0
1114747,9787559454461,5.0
1114904,9787521749885,3.0
1114904,9787521762181,5.0
1115125,9787100126441,4.0
1115160,9787521755459,4.0
1115386,9787572270307,5.0
1115600,9787572614675,4.0
1115600,9787572614675,4.0
1115600,9787572614675,4.0
1115600,9787572614675,4.0
1115789,9787569063370,2.0
1115813,9787559673787,5.0
1116289,9787213068041,5.0
1116289,9787111727699,5.0
1116289,9787208183902,4.0
1116289,9787121475016,5.0
1116289,9787111727699,5.0
1116289,9787121475016,5.0
1116954,9787559672650,3.0
1116954,9787541166051,3.0
1116954,9787557030100,3.0
1116954,9787541166051,3.0
1116954,9787541166051,3.0
1116954,9787541166051,3.0
1116954,9787521748390,4.0
1116954,9787557030100,3.0
1116954,9787549621149,3.0
1116954,9787557030100,3.0
1116954,9787559672650,3.0
1116954,9787513350839,3.0
1116954,9787544882286,3.0
1116992,9787559674838,5.0
1117300,9787510892790,4.0
1117300,9787552028799,4.0
1117300,9787552028751,5.0
1117423,9787553452920,5.0
1117423,9787569063370,5.0
1117858,9787522519647,5.0
1117930,9787115576682,4.0
1118044,9787511213273,5.0
1118512,9787111731511,5.0
1118580,9787559420039,3.0
1119223,9787562474999,4.0
1119306,9787511380326,5.0
1119306,9787508693903,4.0
1119306,9787208138636,4.0
1119306,9787559638960,5.0
1119306,9787553690957,4.0
1119344,9787532761029,3.0
1119344,9787532757350,5.0
1119344,9787122376770,4.0
1119344,9787532759675,5.0
1119344,9787532763634,5.0
1119344,9787210122708,5.0
1119818,9787020065271,5.0
1120464,9787547746219,5.0
1120554,9787521757552,4.0
1120951,9787513352765,3.0
1120951,9787229158736,4.0
1121487,9787115577740,4.0
1121487,9787559420039,4.0
1121717,9787544779364,5.0
1121975,9787229175351,5.0
1122012,9787559627131,4.0
1122012,9787559627131,4.0
1122247,9787573506061,5.0
1122411,9787541169175,3.0
1122411,9787020183029,3.0
1122411,9787533973568,3.0
1122411,9787508667560,4.0
1122411,9787541169946,3.0
1122411,9787559474797,3.0
1122411,9787541169175,3.0
1122411,9787541169946,3.0
1122411,9787541169175,3.0
1122411,9787559474797,3.0
1122825,9787810365260,4.0
1122926,9787513356145,5.0
1122926,9787573506078,3.0
1122926,9787573506078,3.0
1122926,9787573506078,3.0
1122926,9787552037180,4.0
1123222,9787559656438,5.0
1123722,9787572703515,4.0
1123722,9787572705649,4.0
1123722,9787572710841,3.0
1123724,9787221176318,5.0
1124652,9787559672377,4.0
1124652,9787208187078,3.0
1124652,9787208187078,3.0
1125289,9787100110457,5.0
1125289,9787111735779,5.0
1125289,9787111735779,5.0
1125299,9787545219838,5.0
1125299,9787559672650,2.0
1125299,9787559672650,2.0
1125314,9787511715548,5.0
1125533,9787115614032,5.0
1125533,9787513352154,4.0
1125576,9787533966102,5.0
1125576,9787533966102,5.0
1125916,9787301341537,4.0
1125925,9787020183029,3.0
1125925,9787572616075,5.0
1125925,9787539655239,5.0
1126003,9787536462052,5.0
1126281,9787208172036,4.0
1126301,9787505746886,5.0
1126381,9787115616401,5.0
1126876,9787516830611,4.0
1127201,9787574007406,4.0
1127225,9787513308076,4.0
1127293,9787521762549,4.0
1127701,9787122363992,4.0
1127701,9787122376770,5.0
1127918,9787208181953,4.0
1127918,9787213111983,4.0
1127924,9787020065271,4.0
1127924,9787020060528,4.0
1128015,9787301349212,4.0
1128015,9787559867759,5.0
1128221,9787807684503,5.0
1128221,9787559672827,4.0
1128221,9787574603301,4.0
1128221,9787505757523,4.0
1128221,9787505743762,3.0
1128221,9787511380326,4.0
1128258,9787513308076,5.0
1128515,9787552037180,4.0
1128891,9787536462052,4.0
1128918,9787541169175,4.0
1128918,9787541167539,3.0
1128918,9787541167539,3.0
1128918,9787541169175,4.0
1128918,9787541169175,4.0
1129320,9787514233650,5.0
1129320,9787559664228,4.0
1129320,9787559664761,4.0
1129320,9787514233650,5.0
1129320,9787539949796,5.0
1129320,9787559664228,4.0
1129320,9787559420039,4.0
1129320,9787513348720,3.0
1129879,9789862092651,5.0
1129879,9784098608669,5.0
1130051,9787544774284,4.0
1130324,9787547300749,5.0
1130328,9787208148314,3.0
1130328,9787111685777,3.0
1130328,9787115581495,5.0
1130440,9787519119591,4.0
1130440,9787559672100,4.0
1130440,9787533971762,5.0
1130440,9787559641243,4.0
1130466,9787020180240,4.0
1130466,9787020180240,4.0
1130492,9787305266270,4.0
1130492,9787305266270,4.0
1130492,9787305266270,4.0
1130492,9787305266270,4.0
1130984,9787115616401,5.0
1130984,9787533962135,5.0
1130984,9787545556278,5.0
1131016,9787559420039,3.0
1131218,9787807684503,5.0
1131242,9787213104374,3.0
1131242,9787532791927,3.0
1131242,9787532790739,3.0
1131242,9787559863171,4.0
1131444,9787571428983,5.0
1131444,9787533973773,4.0
1131526,9787220118906,4.0
1131526,9787553655413,4.0
1131992,9787516835616,3.0
1131992,9787549641901,4.0
1131992,9787549641901,4.0
1131992,9787516835616,3.0
1131992,9787549641901,4.0
1131992,9787549641901,4.0
1131992,9787549641901,4.0
1132030,9787222220737,5.0
1132030,9787222220737,5.0
1132030,9787511390974,4.0
1132436,9787559671738,5.0
1132525,9787540471248,5.0
1132925,9787539655239,4.0
1132925,9787541161056,3.0
1132925,9787115601063,4.0
1133534,9787513321259,3.0
1133534,9787516827864,5.0
1133534,9787543984851,4.0
1133534,9787513317030,4.0
1133534,9787513316972,5.0
1133534,9787213050114,3.0
1133534,9787513332903,3.0
1133534,9787513332170,4.0
1133534,9787511573537,5.0
1133546,9787806226148,4.0
1133720,9787574007406,4.0
1133720,9787572612329,3.0
1133720,9787572612329,3.0
1133720,9787509776223,5.0
1133720,9787542676573,5.0
1133720,9787572612329,3.0
1133720,9787559828934,4.0
1133829,9787530211458,4.0
1133829,9787536468320,3.0
1133989,9787559867759,5.0
1133989,9787020184262,4.0
1134253,9787513316750,4.0
1134253,9787806884799,4.0
1134376,9787567559882,5.0
1134376,9787513317276,4.0
1134581,9787020185504,5.0
1134581,9787020185504,5.0
1134581,9787533973773,5.0
1134710,9787532771257,4.0
1134710,9787533686246,3.0
1134973,9787573505798,4.0
1134973,9787573505798,4.0
1135056,9787308163347,4.0
1135056,9787521761450,4.0
1135056,9787508768816,3.0
1135056,9787559460448,4.0
1135056,9787213113345,3.0
1135056,9787513352673,4.0
1135949,9787544294829,4.0
1136325,9787513353083,4.0
1136325,9787521739527,3.0
1136325,9787545219838,4.0
1136325,9787115601063,4.0
1136353,9787208187078,4.0
1136353,9787301350188,4.0
1136353,9787208187078,4.0
1136353,9787101164367,5.0
1137617,9787510812675,5.0
1137853,9787542631626,5.0
1138198,9787568934190,5.0
1138353,9787538770346,5.0
1138649,9787544774727,5.0
1138649,9787532183562,3.0
1138649,9787508665085,4.0
1139763,9787518402229,3.0
1140078,9787221174710,4.0
1140078,9787513353083,5.0
1140415,9787559476197,3.0
1140816,9787208186231,4.0
1140816,9787545581836,3.0
1140871,9787513344456,4.0
1140871,9787536098794,3.0
1140871,9787559672612,4.0
1140911,9787807657767,4.0
1141019,9787221176318,3.0
1141112,9787555916321,3.0
1141112,9787559651709,2.0
1141951,9787301134061,4.0
1141951,9787519117450,5.0
1142233,9787533971762,4.0
1142357,9787521757484,3.0
1142882,9787300244891,5.0
1142891,9787559610737,4.0
1142922,9787020060528,5.0
1142942,9787111648086,2.0
1143086,9787544266123,5.0
1143174,9788016014976,5.0
1143174,9788016014976,5.0
1143174,9787573506023,5.0
1143542,9787301349212,5.0
1143676,9787569063370,4.0
1144029,9787513312295,5.0
1144106,9787108068743,4.0
1144106,9787115601063,3.0
1144106,9787500175643,5.0
1144962,9787229042066,4.0
1145174,9787532183562,5.0
1145174,9787547010105,4.0
1145612,9787554577486,5.0
1146017,9787532779840,4.0
1146145,9787533970369,4.0
1146145,9787020065271,5.0
1146448,9787020105687,5.0
1147451,9787208187078,4.0
1147451,9787532789566,3.0
1147451,9787208187078,4.0
1147451,9787208148314,4.0
1147451,9787547740224,5.0
1147451,9787521764420,4.0
1147451,9787572225789,4.0
1147451,9787208143487,4.0
1147451,9787542666468,4.0
1147554,9787559098849,5.0
1147572,9787020185504,3.0
1147572,9787218160672,4.0
1147572,9787213105913,4.0
1147572,9787572025129,4.0
1147572,9787115577238,3.0
1147572,9787559639554,4.0
1147572,9787020185504,3.0
1147698,9787542676573,3.0
1147836,9787540490423,5.0
1149063,9787559830043,5.0
1149214,9787509745120,4.0
1149214,9787550291225,4.0
1149214,9787572616662,2.0
1149214,9787108040367,5.0
1149214,9787559411174,4.0
1149453,9787111421917,3.0
1149471,9787552003796,2.0
1149540,9787543230217,4.0
1149738,9787208187467,5.0
1149738,9787208187467,5.0
1149738,9787532188666,3.0
1149738,9787559673800,5.0
1149738,9789573469155,5.0
1149738,9787559851970,3.0
1149738,9787533686246,5.0
1149738,9787559672261,5.0
1149738,9787020121779,4.0
1149738,9787208187320,3.0
1149738,9787542676573,5.0
1149738,9787559673817,5.0
1149738,9787208187467,5.0
1149738,9787305272950,3.0
1149738,9787559673879,5.0
1149738,9787574602298,5.0
1149738,9787521750867,5.0
1149845,9787541163050,5.0
1149845,9787541163050,5.0
1151767,9787020104215,5.0
1151923,9787100226943,5.0
1152670,9789579046077,3.0
1153024,9784864109826,4.0
1153034,9787513923927,3.0
1153034,9787535681010,1.0
1153096,9787559614636,4.0
1153096,9787532790609,5.0
1153096,9787559614636,4.0
1153133,9787519125349,4.0
1153133,9787504121370,5.0
1153133,9787107174612,5.0
1153133,9787501965281,5.0
1153133,9787504145758,5.0
1153133,9787561795965,5.0
1153133,9787518410576,5.0
1153398,9787513354356,2.0
1153398,9787513354356,2.0
1153398,9787572615962,3.0
1153398,9787572711510,3.0
1153398,9787208088351,1.0
1153398,9787572615962,3.0
1153398,9787513350310,2.0
1153398,9787572609992,3.0
1153398,9787559666932,2.0
1153398,9787542680433,4.0
1153398,9787532789771,3.0
1153398,9787513355896,4.0
1153398,9787542680433,4.0
1153398,9787569947410,4.0
1153398,9787559652140,4.0
1153398,9787532790739,4.0
1153398,9787513355896,4.0
1153398,9787208088344,3.0
1153398,9787569918816,3.0
1153398,9787513355896,4.0
1153398,9787513354356,2.0
1153412,9787532777914,4.0
1153412,9787532777914,4.0
1153485,9787201190297,4.0
1153485,9787020104215,5.0
1153485,9787111636885,5.0
1153513,9787229100605,4.0
1153743,9787542633354,2.0
1154514,9787220111846,4.0
1154514,9787572704659,4.0
1154514,9787208187450,5.0
1154514,9787572616389,4.0
1154514,9787572616389,4.0
1154514,9787573502568,5.0
1154514,9787572616389,4.0
1154514,9787572616389,4.0
1154514,9787221176257,5.0
1154514,9787547746219,3.0
1154672,9787572609268,4.0
1154672,9787559849977,3.0
1154672,9787572609268,4.0
1154672,9787572609268,4.0
1154672,9787572609268,4.0
1154672,9787572609268,4.0
1154683,9787544280914,3.0
1155070,9787115371775,5.0
1155131,9787508641157,4.0
1155356,9787541088926,5.0
1155356,9787513352383,3.0
1155527,9787532792603,5.0
1155527,9787559867193,5.0
1155527,9787574601178,5.0
1155527,9787559865427,5.0
1155527,9787559863607,5.0
1155527,9787572020827,5.0
1155527,9787559480330,5.0
1155527,9787547323236,4.0
1155527,9787521760576,5.0
1155527,9787574113251,4.0
1155527,9787521761764,5.0
1155527,9787547322871,5.0
1155527,9787559858238,4.0
1155527,9787533497620,5.0
1155527,9787559672438,4.0
1155527,9787535692313,5.0
1155527,9787559672438,4.0
1155527,9787559673015,5.0
1155527,9787559670984,5.0
1155527,9787305277122,5.0
1155527,9787521756616,5.0
1155527,9787103066331,5.0
1155527,9787559666932,4.0
1155527,9787559848727,5.0
1155527,9787205107802,5.0
1155527,9787542682147,4.0
1155527,9787513944441,5.0
1155527,9787521750867,5.0
1155527,9787521761771,5.0
1155527,9787513313766,4.0
1155527,9787521756616,5.0
1155527,9787522524795,5.0
1155527,9787513346917,4.0
1155527,9787500173564,4.0
1155527,9787542684356,5.0
1155527,9787521764420,5.0
1155544,9787301266168,5.0
1155544,9787559674838,5.0
1155670,9787115599469,4.0
1155670,9787506384124,4.0
1155670,9787552003796,5.0
1155832,9787521226805,5.0
1155832,9787521226805,5.0
1155832,9787521226805,5.0
1156440,9787506384124,5.0
1156440,9787572225789,4.0
1157113,9787539960982,3.0
1157365,9787801093660,4.0
1158346,9787530223529,5.0
1158346,9787549641161,4.0
1158573,9787572607691,4.0
1158627,9787213095474,5.0
1159165,9787573508775,4.0
1159165,9787542679307,5.0
1159298,9787213109959,4.0
1159798,9787213065996,4.0
1159798,9787802115279,4.0
1159798,9787514513011,3.0
1159916,9787533946142,3.0
1160221,9787508675770,5.0
1160815,9787544774284,5.0
1161523,9787531719540,4.0
1161672,9787121390616,4.0
1161672,9787100130486,3.0
1161672,9787558027932,5.0
1162433,9787807680741,4.0
1162622,9787556128006,5.0
1162750,9787549574056,5.0
1162750,9787544792745,4.0
1162750,9787544792745,4.0
1162750,9787532184439,3.0
1162845,9787559853547,4.0
1162845,9787544785631,5.0
1162845,9787544785631,5.0
1162876,9787532796175,5.0
1163528,9787536482012,5.0
1163853,9787108034731,5.0
1163853,9787108034731,5.0
1163853,9787108034731,5.0
1163999,9787521226102,5.0
1164129,9787521323863,1.0
1164201,9787516837917,4.0
1164201,9787515525310,4.0
1164201,9787515525310,4.0
1164201,9787515525310,4.0
1164201,9787516837917,4.0
1164443,9787214282873,4.0
1164443,9787532189922,5.0
1164443,9787532189922,5.0
1164443,9787532189922,5.0
1164443,9787201115184,3.0
1164472,9787508698908,5.0
1164718,9787807658955,4.0
1164976,9787541166792,3.0
1164976,9787305269387,5.0
1164976,9787541166792,3.0
1164976,9787540471248,4.0
1165619,9787574009486,5.0
1165836,9787513314992,4.0
1165941,9787533973773,4.0
1166615,9787559653147,4.0
1166673,9787505743762,4.0
1166681,9787545549447,3.0
1166692,9787559671509,4.0
1166692,9787559673800,4.0
1166692,9787559865427,4.0
1166692,9787542674227,3.0
1166692,9787523604304,4.0
1166692,9787573506153,4.0
1166692,9787532793921,4.0
1166692,9787218166117,4.0
1166692,9787553528540,4.0
1166692,9787559673787,4.0
1166692,9787559673817,4.0
1166692,9787559628572,4.0
1166692,9787572616662,4.0
1166692,9787020184309,4.0
1166692,9787555913740,4.0
1166692,9787552042962,4.0
1166692,9787521226805,5.0
1166692,9787221178954,4.0
1166692,9787572616419,4.0
1166692,9787574603301,4.0
1166692,9787521735734,4.0
1166692,9787532793921,4.0
1166692,9787218160672,4.0
1166692,9787533964337,4.0
1166692,9787305262432,4.0
1166692,9787521757958,4.0
1166692,9787115571137,4.0
1166692,9787572614675,4.0
1166692,9787515525310,4.0
1166692,9787020090006,4.0
1166692,9787532779840,4.0
1166692,9787542674227,3.0
1166692,9787515525310,4.0
1166692,9787532796175,4.0
1166692,9787559480330,4.0
1166692,9787521757958,4.0
1166692,9787521761481,4.0
1166692,9787572614675,4.0
1166692,9787559869029,4.0
1166692,9787545219838,4.0
1166692,9787559863607,4.0
1166692,9787572614675,4.0
1166692,9787020090006,4.0
1166692,9787569944921,4.0
1166692,9787559863034,4.0
1166692,9787559628572,4.0
1166692,9787532792603,4.0
1166692,9787515525310,4.0
1166692,9787572025129,4.0
1166692,9787572614675,4.0
1166692,9787213111815,4.0
1166692,9787513352697,5.0
1166692,9787505757523,4.0
1166692,9787521226805,5.0
1166692,9787100235648,4.0
1166692,9787573508782,5.0
1166692,9787532792993,4.0
1166692,9787559862228,4.0
1166692,9787521226805,5.0
1166723,9787513338004,4.0
1166723,9787572600661,4.0
1166723,9787521703061,4.0
1166723,9787020135134,4.0
1166723,9787572611988,3.0
1166723,9787572611988,3.0
1166935,9787220134135,3.0
1166935,9787220134135,3.0
1166935,9787220134135,3.0
1166984,9787214205865,4.0
1166984,9787508635637,5.0
1167080,9787574902343,4.0
1167080,9787508675534,4.0
1167080,9787574902343,4.0
1167292,9787568923194,4.0
1167339,9787550298637,5.0
1167339,9787521761498,4.0
1167339,9787521761498,4.0
1167458,9787301331880,5.0
1167458,9787559837967,5.0
1167558,9787511876706,4.0
1167558,9787303183876,5.0
1167596,9787546205618,4.0
1167760,9787302498872,5.0
1167924,9787532188161,3.0
1167931,9787513344708,4.0
1167931,9787513344708,4.0
1168285,9787532178377,5.0
1168285,9787532184439,3.0
1168285,9787544791533,5.0
1168285,9787544785433,5.0
1168386,9787533965624,4.0
1168651,9787516837917,4.0
1168651,9787516837917,4.0
1168791,9787531735656,5.0
1168837,9787539964812,4.0
1168837,9787539966632,4.0
1169033,9787500175643,5.0
1169033,9787111636885,5.0
1169435,9787544285643,4.0
1169435,9787544285643,4.0
1169927,9787547745977,4.0
1170185,9787539964805,4.0
1170224,9787554615430,4.0
1170224,9787508673172,3.0
1170224,9787115396730,2.0
1170224,9787302434863,2.0
1170224,9787545566062,4.0
1170526,9787111663850,3.0
1170526,9787559481047,4.0
1170526,9787573506153,4.0
1170526,9787305203305,4.0
1170526,9787111734222,4.0
1170526,9787115581495,4.0
1170526,9787559476197,4.0
1170550,9787111648086,3.0
1171051,9787508692241,4.0
1171809,9787572609268,3.0
1171809,9787572609268,3.0
1171809,9787572609268,3.0
1171809,9787572609268,3.0
1171809,9787572609268,3.0
1171984,9787559641182,2.0
1171984,9787559641182,2.0
1171984,9787559641182,2.0
1171984,9787559641182,2.0
1173283,9787532189373,5.0
1173283,9787532188147,5.0
1173283,9787532188147,5.0
1173283,9787532189373,5.0
1173283,9787208183902,5.0
1173324,9787541166600,4.0
1173461,9787516838211,4.0
1173532,9787559625212,4.0
1173532,9787559625212,4.0
1173577,9787557101176,5.0
1173927,9787513346528,5.0
1173927,9787513346528,5.0
1174148,9787503950179,3.0
1174148,9787559867759,4.0
1174148,9787503950179,3.0
1174425,9787544785631,4.0
1174425,9787544785631,4.0
1174425,9787546205618,5.0
1174492,9789865124137,5.0
1174614,9787559673787,4.0
1174614,9787505757523,4.0
1174614,9787559666802,3.0
1174614,9787100226943,4.0
1174614,9787521764567,4.0
1174614,9787551421546,4.0
1174614,9787572615610,2.0
1174997,9787111735779,5.0
1174997,9787111735779,5.0
1174997,9787516838211,5.0
1174997,9787508697901,4.0
1175078,9787521757965,5.0
1175078,9787544876155,4.0
1175078,9787521757965,5.0
1175078,9787521757965,5.0
1175276,9787559853547,3.0
1175458,9787100125567,4.0
1175458,9787568812481,3.0
1175458,9787518083602,3.0
1175766,9787549621149,5.0
1176160,9787540488475,5.0
1176355,9787553819136,5.0
1176355,9787547057117,4.0
1176388,9787553766348,4.0
1176398,9787573014047,5.0
1176464,9787571023744,5.0
1176464,9787121363702,4.0
1176464,9787559844125,4.0
1176464,9787301336168,4.0
1176557,9787508672717,1.0
1176560,9787208172036,5.0
1177078,9787101165838,4.0
1177187,9787513352383,5.0
1177187,9787561751305,3.0
1177512,9787549635511,5.0
1177512,9787549635511,5.0
1177592,9787108041586,4.0
1177592,9787108072870,5.0
1177592,9787554026502,4.0
1177592,9787301347492,5.0
1177592,9787108060136,5.0
1177592,9787542666468,5.0
1177627,9787108071965,4.0
1177699,9787521748390,4.0
1178500,9787572615443,4.0
1178872,9787559481092,3.0
1179229,9787547744048,4.0
1179229,9787536098794,4.0
1179229,9787532149766,3.0
1179229,9787573506061,3.0
1179229,9787547744048,4.0
1179229,9787532791569,5.0
1180190,9787559627131,5.0
1180190,9787229123772,5.0
1180190,9787547300206,4.0
1180190,9787559627131,5.0
1180190,9787020095377,5.0
1180306,9787539957173,5.0
1180408,9787532752850,4.0
1180408,9787108033109,4.0
1180408,9787544747370,5.0
1180408,9787532769186,4.0
1180408,9787115581495,5.0
1180408,9787115233707,3.0
1180583,9787553523040,4.0
1181267,9787536468320,4.0
1181539,9787111680925,5.0
1182787,9787547300206,3.0
1182787,9787229137137,3.0
1182787,9787521762549,4.0
1182787,9787521748390,2.0
1182787,9787229141035,3.0
1183134,9787511876706,4.0
1183545,9787509763247,5.0
1183545,9787516825976,4.0
1183545,9787509763247,5.0
1183545,9787229108250,3.0
1183545,9787513177856,4.0
1183781,9787513330060,3.0
1183781,9787547746332,3.0
1183781,9787546322278,1.0
1184186,9787532189922,5.0
1184186,9787532189922,5.0
1184186,9787532189922,5.0
1184334,9787508677835,5.0
1184334,9787508677835,5.0
1184334,9787508677835,5.0
1184334,9787559612168,3.0
1184503,9787540480790,4.0
1184503,9787572605765,5.0
1184769,9787572279010,5.0
1185184,9787559641243,4.0
1185385,9787807680741,4.0
1186161,9787572611131,4.0
1186161,9787559481788,4.0
1186161,9787559480675,5.0
1186161,9787020184309,5.0
1186282,9787554027806,5.0
1186282,9787547746349,4.0
1186282,9787505757004,4.0
1186282,9787521764123,4.0
1186282,9787521764277,4.0
1186282,9787505757004,4.0
1186282,9787521764406,5.0
1186282,9787505757363,4.0
1186282,9787505743762,4.0
1186282,9787547746349,4.0
1186282,9787521764123,4.0
1186282,9787547746349,4.0
1186285,9787218173863,3.0
1186285,9787559639981,4.0
1186285,9787208187474,4.0
1186285,9787515526249,4.0
1186285,9787574602175,4.0
1186285,9787559634696,5.0
1186285,9787574007161,4.0
1186285,9787208187474,4.0
1186285,9787574007406,4.0
1186285,9787574602304,4.0
1186285,9787305262432,5.0
1186285,9787574007369,5.0
1186285,9787559455390,4.0
1186285,9787532796175,5.0
1186285,9787572616709,4.0
1186285,9787020184309,4.0
1186285,9787505757523,5.0
1186285,9787574003019,4.0
1186285,9787218173863,3.0
1186285,9787549641161,4.0
1186434,9787521741582,5.0
1186434,9787521735383,4.0
1186667,9787532790609,3.0
1186667,9787559858474,4.0
1186667,9787569947410,4.0
1186667,9787572614439,4.0
1186667,9787573505538,5.0
1186667,9787559673800,4.0
1186667,9787544767965,4.0
1186667,9787559673817,5.0
1186720,9787108075369,5.0
1186720,9787533970055,4.0
1186720,9787108075369,5.0
1186720,9787513941242,4.0
1186720,9787532188161,3.0
1186720,9787532756636,4.0
1186720,9787559660206,4.0
1186720,9787213093074,4.0
1186720,9787210092742,4.0
1187347,9787515332284,3.0
1187356,9787574602298,4.0
1187356,9787205107802,4.0
1187356,9787559863034,4.0
1187356,9787305277214,4.0
1187356,9787568090360,3.0
1187356,9787532171552,4.0
1187356,9787521764222,3.0
1187356,9787100215930,4.0
1187356,9787208186231,3.0
1187356,9787020181575,3.0
1187356,9787532171552,4.0
1187356,9787542684738,3.0
1187356,9787559479471,3.0
1187356,9787557101176,4.0
1187356,9787574009486,5.0
1187356,9787100234245,5.0
1187356,9787505757523,4.0
1187356,9787208184756,4.0
1187356,9787574113251,4.0
1187356,9787574007406,4.0
1187356,9787542684738,3.0
1187457,9787521717907,5.0
1188710,9787213060489,4.0
1188773,9787572614361,4.0
1188773,9787572614361,4.0
1188773,9787020186068,3.0
1188773,9787020186068,3.0
1188773,9787559480187,4.0
1188773,9787559480187,4.0
1188773,9787020186068,3.0
1188773,9787559480187,4.0
1188814,9787532757350,5.0
1188814,9787020131136,4.0
1189394,9787108071569,3.0
1189394,9787807247371,4.0
1189897,9787513335782,3.0
1189897,9787203116592,4.0
1189897,9787121390616,4.0
1189897,9787544709422,4.0
1189897,9787513335782,3.0
1190364,9787201199559,5.0
1190364,9787201199559,5.0
1190688,9787513342094,4.0
1190688,9787573506085,3.0
1190688,9787532189793,4.0
1191611,9787513316040,4.0
1191611,9787513303293,4.0
1191611,9787544882286,3.0
1191611,9787513315104,4.0
1191611,9787513311939,3.0
1191611,9787513316040,4.0
1191611,9787111532637,4.0
1191611,9787532149766,3.0
1191611,9787513315029,3.0
1191611,9787513335782,3.0
1191611,9787513315104,4.0
1191611,9787513335782,3.0
1191781,9787559671547,5.0
1192067,9787521719253,5.0
1192067,9787521719253,5.0
1192148,9787536097117,4.0
1192148,9787536097117,4.0
1192341,9787221153227,4.0
1192478,9787220106682,5.0
1192938,9787530217467,3.0
1193431,9787558166853,3.0
1193431,9787514315974,4.0
1194131,9787572607691,5.0
1194131,9787549641895,4.0
1194131,9787549641895,4.0
1194131,9787549641895,4.0
1194131,9787549641895,4.0
1194196,9787806226148,3.0
1194306,9787559652140,4.0
1194306,9787305277214,4.0
1194306,9787542674814,4.0
1194562,9787020095377,3.0
1194562,9787210082989,3.0
1194562,9787505757363,3.0
1194562,9787574602304,5.0
1194656,9787545219937,5.0
1194852,9787541163050,5.0
1194852,9787541163050,5.0
1194866,9787542676573,5.0
1194934,9787536494220,4.0
1194934,9787559628312,3.0
1194934,9787572703393,4.0
1194934,9789863667537,4.0
1194934,9787544798587,3.0
1194934,9787573506092,4.0
1194934,9787562474999,5.0
1195387,9787505749153,4.0
1195419,9787519119591,4.0
1195453,9787555916666,4.0
1195453,9787521764277,2.0
1195453,9787521764277,2.0
1195453,9787555915478,3.0
1195453,9789868885448,4.0
1195453,9787555915478,3.0
1195453,9787513334334,4.0
1195453,9787513334334,4.0
1195453,9787532761296,4.0
1196418,9787020184309,5.0
1196418,9787553528540,4.0
1196418,9787572616655,5.0
1196418,9787534033155,5.0
1196469,9787559473530,5.0
1196469,9787213111563,5.0
1196469,9787559479389,5.0
1196522,9787536454484,3.0
1196869,9787533946142,3.0
1196869,9787573506092,4.0
1197600,9787208143487,4.0
1197600,9787208166264,4.0
1197631,9787536455375,3.0
1197636,9787572704864,5.0
1197789,9787512507319,2.0
1198085,9787213111983,5.0
1198290,9787559639554,4.0
1198290,9787512515529,4.0
1198290,9787545581836,3.0
1198290,9787572256691,3.0
1198290,9787552039962,4.0
1199567,9787544260602,5.0
1200492,9787521754803,4.0
1200492,9787521754803,4.0
1200492,9787547744048,3.0
1200492,9787532185610,5.0
1200492,9787547744048,3.0
1200492,9787521754803,4.0
1200667,9787559672612,3.0
1200958,9787510889981,4.0
1200958,9787549583690,4.0
1200958,9787513928960,3.0
1201318,9787540480608,3.0
1201348,9787111555377,4.0
1201348,9787513306331,4.0
1201381,9787557014858,5.0
1201407,9787547742532,5.0
1201407,9787100126441,3.0
1201407,9787115629579,5.0
1201788,9787100126441,5.0
1202374,9787550226425,4.0
1202504,9787513355896,5.0
1202504,9787513355896,5.0
1202504,9787559625212,5.0
1202504,9787572613012,2.0
1202504,9787513352154,4.0
1202504,9787513355896,5.0
1202504,9787559625212,5.0
1202504,9787536494459,5.0
1202504,9787559631015,5.0
1202504,9787229089610,4.0
1202504,9787572613012,2.0
1202601,9787553819624,2.0
1203320,9787532185962,5.0
1203328,9787020184309,5.0
1203328,9787521745160,5.0
1203328,9787559470782,5.0
1203647,9787508051000,5.0
1203785,9787513307109,5.0
1203839,9787530600337,4.0
1204085,9787108075369,5.0
1204085,9787101115123,5.0
1204085,9787108075369,5.0
1204618,9787547744048,4.0
1204618,9787547744048,4.0
1204618,9787514233650,5.0
1204618,9780007136834,4.0
1204618,9780007136834,4.0
1204618,9787514233650,5.0
1204618,9787532170791,4.0
1204618,9787532170807,4.0
1204715,9787532777938,4.0
1204911,9787508677835,3.0
1204911,9787508677835,3.0
1204911,9787508677835,3.0
1204911,9787553518510,4.0
1205139,9787221173836,5.0
1205139,9787221173836,5.0
1205666,9787305266270,4.0
1205666,9787305266270,4.0
1205666,9787559476197,3.0
1205666,9787553452944,4.0
1205666,9787553655413,2.0
1205666,9787205107802,2.0
1205666,9787305266270,4.0
1205666,9787559671509,3.0
1205666,9787305266270,4.0
1205828,9787546213316,3.0
1206076,9787229145781,5.0
1206087,9787540461843,3.0
1206087,9787308246224,5.0
1206255,9787100177740,5.0
1206293,9787521719253,4.0
1206293,9787521719253,4.0
1206293,9787550268517,4.0
1206325,9787513354370,5.0
1206325,9787213109959,4.0
1206326,9787544270472,5.0
1206331,9787219117507,5.0
1206331,9787208186941,5.0
1206701,9787558420443,4.0
1206701,9789865122119,5.0
1206701,9789863565437,5.0
1206701,9788016027914,5.0
1206701,9788016015966,5.0
1206701,9789865124137,5.0
1206701,9789865127053,5.0
1206701,9788016020915,5.0
1206701,9786263038318,5.0
1206701,9788016024456,5.0
1206785,9787574603301,4.0
1206785,9787521756616,4.0
1206785,9787521756616,4.0
1206785,9787559658180,4.0
1206785,9787572616907,4.0
1206785,9787521762112,4.0
1206785,9787532189373,4.0
1206785,9787532189373,4.0
1206785,9787572616907,4.0
1206785,9787534033155,5.0
1206938,9787111659280,5.0
1207075,9787513348744,4.0
1207075,9787513348744,4.0
1207370,9787550242234,5.0
1207417,9787559646996,4.0
1207417,9787532792603,4.0
1207606,9787559652140,4.0
1207606,9787513352383,4.0
1207801,9787500883210,5.0
1207875,9787107174612,4.0
1207875,9787208187078,4.0
1207875,9787208187078,4.0
1207875,9787301266168,5.0
1208739,9787221178954,4.0
1208739,9787513356114,5.0
1208739,9787513355353,4.0
1208739,9787559480828,4.0
1208739,9787559480828,4.0
1208739,9787572616709,4.0
1208988,9787806226148,4.0
1209155,9787552038736,4.0
1209217,9787208184749,3.0
1209217,9787208184749,3.0
1209217,9787213109959,4.0
1209530,9787505754942,3.0
1209530,9787505754942,3.0
1209530,9787505754942,3.0
1209544,9787559646996,2.0
1209738,9787573506092,3.0
1209791,9787229047221,3.0
1210502,9787559666802,4.0
1210604,9787559673718,2.0
1210839,9787508674087,5.0
1210839,9787511715548,5.0
1212521,9787541166099,5.0
1212521,9787544277716,3.0
1212521,9787541167744,4.0
1212521,9787514235128,3.0
1212521,9787541167744,4.0
1212521,9787544277716,3.0
1212693,9787505724655,2.0
1212722,9787544882286,3.0
1212722,9787544882286,3.0
1212722,9787513316040,3.0
1212722,9787513316040,3.0
1212740,9787208173835,5.0
1212862,9787522515045,3.0
1213230,9787521226102,5.0
1213325,9787559867759,5.0
1213382,9787535681010,4.0
1214195,9787547739792,5.0
1214346,9784065292686,4.0
1215463,9787576330922,4.0
1215463,9787576320299,4.0
1215463,9787229137137,4.0
1215463,9787536493308,4.0
1215463,9787536499034,4.0
1215463,9787547300206,4.0
1215463,9789572674826,3.0
1215833,9787020084357,4.0
1215833,9787541167553,4.0
1215833,9787020084357,4.0
1215833,9787229030933,5.0
1215833,9787541167553,4.0
1215833,9787229030933,5.0
1215880,9787513351430,4.0
1216410,9787213084003,4.0
1217082,9787532791927,4.0
1217307,9787539983493,4.0
1217929,9787542674814,4.0
1217929,9787559841230,4.0
1217929,9787553819624,5.0
1217929,9787516659991,4.0
1217929,9787020120215,5.0
1217929,9787559655097,4.0
1218005,9787802288553,3.0
1218005,9787302274353,3.0
1218141,9787541088926,5.0
1218141,9787572703515,4.0
1218141,9787536499034,5.0
1218141,9787572705649,3.0
1218141,9789571090054,4.0
1218430,9787515526249,4.0
1218430,9787574007161,4.0
1218430,9787522521916,4.0
1218430,9787522521916,4.0
1218430,9787208184749,4.0
1218430,9787522521916,4.0
1218430,9787208184749,4.0
1218430,9787546237381,5.0
1218430,9787546237381,5.0
1218430,9787574009486,5.0
1218452,9787550242234,2.0
1218590,9787561795965,4.0
1218901,9787208186231,3.0
1219497,9787550209459,3.0
1219568,9787020174249,3.0
1219568,9787201190297,2.0
1219568,9787108060273,5.0
1219568,9787020175888,3.0
1219669,9787508675534,4.0
1219693,9787229058913,4.0
1219693,9787201115184,4.0
1219776,9787532779048,4.0
1219776,9787532779048,4.0
1219776,9787539973470,4.0
1220119,9787544276207,3.0
1220119,9787544276207,3.0
1220520,9787020065271,4.0
1220747,9787514233650,4.0
1220747,9787514233650,4.0
1221168,9787513353397,3.0
1221255,9787520112178,5.0
1221460,9787532185610,4.0
1221460,9787539964812,4.0
1221708,9787115579713,4.0
1221759,9787541166600,4.0
1221987,9787508643946,5.0
1222117,9787572711350,4.0
1222117,9787806572672,3.0
1222325,9787555037040,4.0
1222325,9787559867759,4.0
1222325,9787100234245,4.0
1222325,9787208186231,5.0
1222325,9787555037040,4.0
1222325,9787573506061,4.0
1222474,9787547746417,3.0
1222474,9787547746417,3.0
1222575,9787807658061,3.0
1222575,9787807658054,4.0
1222580,9787600668182,5.0
1222635,9787514513011,4.0
1222635,9787521763157,4.0
1222635,9787121390616,4.0
1223204,9787559664228,2.0
1223204,9787559664228,2.0
1223267,9787508634340,3.0
1223469,9787559672650,4.0
1223469,9787521761481,4.0
1223469,9787559672650,4.0
1223903,9787220135156,4.0
1224020,9787115412959,5.0
1224236,9787545219869,4.0
1224236,9787545219869,4.0
1224236,9787545219869,4.0
1224236,9787559672438,4.0
1224236,9787545219869,4.0
1224236,9787572704864,4.0
1224236,9787545219869,4.0
1224236,9787559672438,4.0
1224855,9787108041586,4.0
1224957,9787542654656,5.0
1225212,9787101000290,4.0
1225212,9787508695488,4.0
1225212,9787040396041,4.0
