User-ID,ISBN,Book-Rating
123392443,9787229185084,50
151847209,9787229185084,50
53748765,9787229185084,50
3155342,9787229185084,50
224725912,9787229185084,40
227355883,9787229185084,50
190201638,9787229185084,50
53519362,9787229185084,40
30781121,9787559852533,50
3883362,9787559852533,50
221007840,9787559852533,20
50518121,9787559852533,30
184426111,9787559852533,50
2096579,9787559852533,50
163341928,9787559852533,20
2066733,9787559852533,50
153623936,9787559852533,20
4101935,9787559852533,50
41023612,9787559852533,40
3270401,9787559852533,50
50395708,9787559852533,40
41109304,9787559852533,50
2437683,9787559852533,10
52641475,9787559852533,40
4419062,9787559852533,50
47486983,9787559852533,50
1111486,9787559852533,40
95870531,9787559852533,40
123911036,9787559852533,50
2530931,9787559852533,50
61471067,9787559852533,40
64976438,9787559852533,40
169870288,9787559852533,40
142793890,9787559852533,50
169573492,9787559852533,40
4033427,9787559852533,40
178862961,9787559852533,20
159718966,9787559852533,50
36539878,9787559852533,30
247465253,9787559852533,50
1999479,9787559852533,50
63406248,9787559852533,40
30556862,9787559852533,50
48916409,9787559852533,40
177812756,9787559852533,10
51687516,9787559852533,40
61707252,9787559852533,50
2378059,9787559852533,30
181061924,9787559852533,30
65937807,9787559852533,40
48182815,9787559852533,40
2469799,9787572616099,40
51330374,9787572616099,40
81020094,9787572616099,40
27379135,9787572616099,40
159830406,9787572616099,40
144315914,9787572616099,40
147524060,9787572616099,30
1301150,9787572616099,50
57761188,9787572616099,50
3229771,9787572616099,40
4257713,9787572616099,30
4038045,9787572616099,50
1411110,9787572616099,40
161850476,9787572616099,50
151513323,9787572616099,30
66598168,9787572616099,50
210152614,9787572616099,30
153451548,9787572616099,40
164377115,9787572616099,50
164409734,9787572616099,50
99041393,9787572616099,50
44592603,9787572616099,50
1325971,9787572616099,40
147873382,9787572616099,30
4279224,9787572616099,30
3417559,9787572616099,50
137385243,9787572616099,40
207475030,9787572616099,30
125830487,9787572616099,40
146260881,9787572616099,50
81851928,9787572616099,50
1730198,9787572616099,40
199342501,9787572616099,50
120890389,9787572608582,40
4030417,9787572608582,50
87515225,9787572608582,40
28980134,9787572608582,50
155708892,9787572608582,40
167232208,9787572608582,40
1103298,9787572608582,30
171923998,9787572608582,50
151164406,9787572608582,30
2906423,9787572608582,20
42758454,9787572608582,50
2823580,9787572608582,40
8257883,9787572608582,50
4535707,9787572608582,50
246092219,9787572608582,30
49223785,9787572608582,40
1332044,9787572608582,30
4852496,9787572608582,30
163690904,9787572608582,40
39710348,9787572608582,40
138677179,9787572608582,40
170466160,9787572608582,30
64873090,9787572608582,50
45738527,9787572608582,40
161954510,9787572608582,30
28938854,9787572608582,50
52463045,9787572608582,40
174838104,9787572608582,50
42614286,9787572608582,50
1984696,9787572608582,40
54806478,9787572608582,40
49272962,9787572608582,50
3857014,9787222224933,50
39048441,9787222224933,50
221917812,9787222224933,50
48273445,9787222224933,30
256415486,9787222224933,50
1284027,9787222224933,30
101560136,9787222224933,50
73114891,9787222224933,50
161147127,9787222224933,50
3634520,9787222224933,50
1045573,9787222224933,50
234066356,9787222224933,50
257827831,9787222224933,40
2157633,9787222224933,10
124091634,9787222224933,50
256562007,9787222224933,50
3627289,9787222224933,50
258232547,9787222224933,50
253108158,9787222224933,50
270379026,9787222224933,50
151017536,9787222224933,50
57900280,9787222224933,40
205122022,9787222224933,50
1653522,9787222224933,50
134115002,9787222224933,50
196211394,9787222224933,50
1037284,9787208187078,40
133519688,9787208187078,30
2940474,9787208187078,40
1136353,9787208187078,40
52904971,9787208187078,40
40184574,9787208187078,30
173758519,9787208187078,40
214516155,9787208187078,40
33636384,9787208187078,30
46516340,9787208187078,50
140585973,9787208187078,30
1207875,9787208187078,40
1099016,9787208187078,50
126769986,9787208187078,30
46269579,9787208187078,40
1124652,9787208187078,30
63014910,9787208187078,40
124091634,9787208187078,30
4399300,9787208187078,40
121721257,9787208187078,50
230680870,9787208187078,50
107222278,9787208187078,40
1147451,9787208187078,40
71055335,9787208187078,30
56486663,9787208187078,30
197026046,9787208187078,30
39116926,9787208187078,40
3101554,9787208187078,40
135186255,9787208187078,40
194724304,9787208187078,40
2782476,9787208187078,20
114514716,9787208187078,40
1991702,9787208187078,40
1450659,9787208187078,40
145345246,9787208187078,40
153444250,9787208187078,40
30768966,9787208187078,40
93578499,9787208187078,30
3067628,9787208187078,30
161147127,9787208187078,50
97348904,9787208187078,50
47711767,9787208187078,20
40677494,9787208187078,50
2222845,9787208187078,40
155703172,9787208187078,40
84058931,9787208187078,30
241739807,9787208187078,40
102456163,9787208187078,40
139115742,9787208187078,40
226546539,9787208187078,40
1029954,9787208187078,20
153770921,9787208187078,40
140778356,9787208187078,30
158113074,9787208187078,40
47924060,9787208187078,30
2536847,9787208187078,30
131500342,9787208187078,40
72308755,9787208187078,40
2858957,9787208187078,30
113298743,9787208187078,30
222219486,9787553820385,40
66645706,9787553820385,30
2458096,9787553820385,40
199295198,9787553820385,50
141531558,9787553820385,50
55826755,9787553820385,40
65864493,9787553820385,50
240263330,9787553820385,40
192735143,9787553820385,50
2788149,9787553820385,40
138538321,9787553820385,50
3301137,9787553820385,40
220069972,9787553820385,50
66083811,9787553820385,50
139251595,9787553820385,50
239260543,9787553820385,50
272335125,9787553820385,50
44473060,9787553820385,50
239265822,9787553820385,50
160406663,9787553820385,50
254682065,9787553820385,50
233700506,9787553820385,50
2848972,9787553820385,50
60472350,9787553820385,50
2567717,9787553820385,50
10668053,9787553820385,50
259755640,9787553820385,50
228817790,9787553820385,50
47645517,9787553820385,50
150765267,9787553820385,50
37129491,9787553820385,40
46396634,9787553820385,50
240301791,9787553820385,50
166260597,9787553820385,50
210791924,9787553820385,50
1406182,9787553820385,50
249266978,9787553820385,50
253844692,9787553820385,40
275904031,9787553820385,50
40261878,9787553820385,50
240099260,9787553820385,50
86505188,9787553820385,40
124458949,9787553820385,50
178567038,9787559869012,40
152287241,9787559869012,50
1777692,9787559869012,30
275904031,9787559869012,40
255491277,9787559869012,40
172599084,9787559869012,50
155752101,9787559869012,50
49348929,9787559869012,50
253844692,9787559869012,40
50258580,9787559869012,50
56570327,9787559869012,50
202848549,9787559869012,50
3050424,9787559869012,40
36318396,9787559869012,40
101560136,9787559869012,40
115196992,9787559869012,40
51221372,9787559869012,40
197026046,9787559869012,40
178565807,9787559869012,20
2860322,9787559869012,50
177470954,9787559869012,40
191198532,9787559869012,50
2156065,9787559869012,30
262529959,9787559869012,40
169948214,9787559869012,40
4915924,9787559869012,50
247487271,9787559869012,40
92444536,9787559869012,40
170729084,9787559869012,40
72888029,9787559869012,40
238759920,9787559869012,40
174871354,9787559869012,40
3627289,9787559869012,30
60051635,9787559869012,40
211139318,9787559869012,40
161147127,9787559869012,50
163492880,9787559869012,40
209643241,9787559869012,40
51686878,9787559869012,50
174496644,9787559869012,40
259755640,9787559869012,50
197047294,9787559869012,50
1355591,9787559869012,50
38081185,9787301204351,50
45500884,9787301204351,50
72485071,9787301204351,40
100466589,9787301204351,50
9090715,9787301204351,50
57500989,9787301204351,50
52692918,9787301204351,50
143672386,9787301204351,50
4709060,9787301204351,50
2359622,9787301204351,40
92150695,9787301204351,50
27790390,9787301204351,50
97290840,9787301204351,50
155962055,9787301204351,40
35025384,9787301204351,40
176145027,9787301204351,50
2383288,9787301204351,30
164129297,9787301204351,50
81052968,9787301204351,40
135452166,9787301204351,20
148248366,9787301204351,40
36876943,9787301204351,50
46396634,9787301204351,50
216148566,9787301204351,50
57160018,9787301204351,30
142256128,9787301204351,50
39726303,9787301204351,50
173817326,9787301204351,50
65642994,9787301204351,50
87760939,9787801656087,30
138191854,9787801656087,50
156632666,9787801656087,50
94572950,9787801656087,40
133803540,9787801656087,50
180762891,9787801656087,50
46553943,9787801656087,50
161335886,9787801656087,40
64139263,9787801656087,50
173770478,9787801656087,50
251294836,9787801656087,50
2961406,9787801656087,50
68335526,9787801656087,40
214636118,9787801656087,50
8858359,9787801656087,50
67200006,9787801656087,50
2266969,9787542643216,40
48603440,9787542643216,50
125512305,9787542643216,40
190516351,9787542643216,50
164646060,9787542643216,50
43729297,9787542643216,50
1869948,9787542643216,40
2244711,9787542643216,50
43521478,9787542643216,30
58045766,9787542643216,40
102752144,9787542643216,50
47024160,9787542643216,50
167828439,9787542643216,50
148735029,9787542643216,50
58443583,9787542643216,50
140866400,9787542643216,50
68540644,9787542643216,40
200125346,9787542643216,50
136295051,9787542643216,40
150596076,9787542643216,50
160616394,9787542643216,50
198111209,9787542643216,30
1418385,9787108009821,40
83251467,9787108009821,30
4272708,9787108009821,50
129112347,9787108009821,50
115370480,9787108009821,50
162921408,9787108009821,40
159841503,9787108009821,30
48308199,9787108009821,50
4261340,9787108009821,50
54572554,9787108009821,40
47079392,9787108009821,50
3497572,9787108009821,40
2752669,9787108009821,50
59635625,9787108009821,50
170834900,9787108009821,30
47402045,9787108009821,50
158619698,9787108009821,40
76839451,9787108009821,40
150028667,9787108009821,50
56926782,9787108009821,50
149216015,9787108009821,50
50569932,9787108009821,40
159018830,9787108009821,50
30731475,9787108009821,50
153242133,9787108009821,50
3538572,9787108009821,40
62586267,9787108009821,50
241832869,9787108009821,40
264824304,9787108009821,50
27561469,9787540488475,40
52901958,9787540488475,50
59649901,9787540488475,50
4051137,9787540488475,40
166709193,9787540488475,50
133871166,9787540488475,50
192318185,9787540488475,50
5675912,9787540488475,50
139668966,9787540488475,50
47458734,9787540488475,50
146104953,9787540488475,50
53412564,9787540488475,50
47734050,9787540488475,40
115793488,9787540488475,40
125437230,9787540488475,40
68171371,9787540488475,50
56956077,9787540488475,40
3524581,9787540488475,50
1176160,9787540488475,50
78790557,9787540488475,50
42355569,9787540488475,40
57227721,9787540488475,40
192063838,9787540488475,50
2180542,9787540488475,50
1003472,9787540488475,30
2777850,9787540488475,40
2002751,9787540488475,40
125370183,9787545566062,50
120187432,9787545566062,40
64171838,9787545566062,40
1440903,9787545566062,30
183223186,9787545566062,40
159896248,9787545566062,50
88240952,9787545566062,20
2968022,9787545566062,50
145498639,9787545566062,40
173817326,9787545566062,40
140115055,9787545566062,40
1613448,9787545566062,40
48742705,9787545566062,40
1004908,9787545566062,40
41168593,9787545566062,40
1075651,9787545566062,40
48590623,9787545566062,40
91861360,9787545566062,40
206291086,9787545566062,50
152212261,9787545566062,50
4561720,9787545566062,50
3931478,9787545566062,40
63115912,9787545566062,40
60550125,9787545566062,40
51156170,9787545566062,50
63829316,9787545566062,40
1170224,9787545566062,40
69999971,9787545566062,40
83885200,9787545566062,40
152061729,9787545566062,50
74342889,9787545566062,50
51894701,9787545566062,40
53126862,9787545566062,50
273619044,9787545566062,30
48340177,9787545566062,40
36250262,9787545566062,40
2130962,9787545566062,40
1187356,9787100234245,50
5951722,9787100234245,40
4652123,9787100234245,50
190374936,9787100234245,50
1222325,9787100234245,40
76317126,9787100234245,50
181096809,9787100234245,50
3497572,9787100234245,50
80918654,9787100234245,50
2120065,9787100234245,40
113298743,9787100234245,50
68724331,9787100234245,50
3627289,9787100234245,50
60775722,9787100234245,50
197653731,9787100234245,50
134050241,9787100234245,50
102623235,9787100234245,50
46481551,9787100234245,50
47738965,9787100234245,50
69174779,9787100234245,50
2399942,9787100234245,50
72888029,9787100234245,50
179697496,9787100234245,40
191198532,9787100234245,50
2577734,9787100234245,50
161147127,9787100234245,50
51686878,9787100234245,50
155703172,9787100234245,50
162395934,9787100234245,50
1877382,9787100234245,50
1818238,9787100234245,40
210080236,9787100234245,50
61774653,9787100234245,50
156351372,9787100234245,50
41375338,9787100234245,50
1961170,9787100234245,40
50094519,9787100234245,50
1983358,9787100234245,50
187266648,9787108075369,50
257296876,9787108075369,50
170840646,9787108075369,40
80199247,9787108075369,40
3644538,9787108075369,50
168757140,9787108075369,50
1019694,9787108075369,50
256415486,9787108075369,50
161335886,9787108075369,40
181532671,9787108075369,50
140345244,9787108075369,50
1204085,9787108075369,50
172771750,9787108075369,40
71463174,9787108075369,30
133677980,9787108075369,50
1819973,9787108075369,40
207213206,9787108075369,30
137063847,9787108075369,40
263470740,9787108075369,40
183816493,9787108075369,30
134871709,9787108075369,40
9499855,9787108075369,50
48939449,9787108075369,50
151086469,9787108075369,30
175517073,9787108075369,50
220320626,9787108075369,30
1399116,9787108075369,50
54703213,9787108075369,30
151950813,9787108075369,50
256779434,9787108075369,40
57431405,9787108075369,50
6797539,9787108075369,50
165289252,9787108075369,40
1239443,9787108075369,50
219457297,9787108075369,40
1928576,9787108075369,50
46493791,9787108075369,50
56927848,9787108075369,40
2329896,9787108075369,40
132042024,9787108075369,50
1284027,9787108075369,10
154821597,9787108075369,50
4187023,9787108075369,40
51104504,9787108075369,40
249829306,9787108075369,50
128061443,9787108075369,40
199190645,9787108075369,40
62957094,9787108075369,40
2669804,9787108075369,40
83816900,9787108075369,30
77643763,9787108075369,50
257827831,9787108075369,40
176482334,9787108075369,50
180644622,9787108075369,50
231689680,9787108075369,10
202520117,9787108075369,50
58093319,9787108075369,40
2120605,9787108075369,50
200165652,9787108075369,50
136745686,9787108075369,40
1186720,9787108075369,50
149484284,9787108075369,50
98292672,9787108075369,40
148891174,9787108075369,50
68589170,9787108050656,50
195537151,9787108050656,50
164395709,9787108050656,40
48588948,9787108050656,40
60886329,9787108050656,50
47176205,9787108050656,50
136258549,9787108050656,50
190137533,9787108050656,50
166009708,9787108050656,50
174482650,9787108050656,50
238535191,9787108050656,40
31733031,9787108050656,30
77199689,9787108050656,50
4297200,9787108050656,50
70836424,9787108050656,40
68112666,9787108050656,50
60095935,9787108050656,40
48164877,9787108050656,50
67823983,9787108050656,50
65777504,9787108050656,50
132302971,9787108050656,50
229758898,9787108050656,50
28826749,9787108050656,50
2576465,9787108050656,50
47083532,9787108050656,50
162801100,9787108050656,50
65671289,9787108050656,40
136792631,9787108050656,40
47534637,9787108050656,50
51241738,9787108050656,50
142673990,9787108050656,50
68396399,9787108050656,50
66083811,9787108050656,50
269883943,9787108050656,50
72767877,9787509763247,50
121755822,9787509763247,50
41829568,9787509763247,50
1413421,9787509763247,50
63393478,9787509763247,50
230291174,9787509763247,50
64976438,9787509763247,40
38779740,9787509763247,40
1183545,9787509763247,50
89960590,9787509763247,50
167978105,9787509763247,50
165924169,9787509763247,50
45500884,9787509763247,50
172244217,9787509763247,40
3101636,9787509763247,40
213306433,9787509763247,50
52861697,9787509763247,50
67148832,9787509763247,50
69045970,9787509763247,50
3513485,9787509763247,50
195181207,9787509763247,50
15703686,9787509763247,50
164176144,9787509763247,50
3115719,9787509763247,50
2494234,9787509763247,40
199152644,9787509763247,50
226315223,9787509763247,40
126093645,9787509763247,50
105925237,9787509763247,50
71255671,9787509763247,50
153080614,9787509763247,50
37737722,9787509763247,50
201171581,9787509763247,40
152008606,9787509763247,50
56571057,9787509763247,40
1756440,9787101164367,40
150136875,9787101164367,50
197047294,9787101164367,50
33330554,9787101164367,40
223012430,9787101164367,50
55652532,9787101164367,40
200038863,9787101164367,50
57058976,9787101164367,50
148190907,9787101164367,50
1110664,9787101164367,50
205362867,9787101164367,40
1639209,9787101164367,40
115196992,9787101164367,50
60545522,9787101164367,50
156787146,9787101164367,50
2860322,9787101164367,50
135543171,9787101164367,50
104757717,9787101164367,50
141425118,9787101164367,30
143233268,9787101164367,50
260356257,9787101164367,50
71892101,9787101164367,50
3367712,9787101164367,50
158427100,9787101164367,50
47631056,9787101164367,40
120577026,9787101164367,50
183507184,9787101164367,40
16449347,9787101164367,50
163878409,9787101164367,40
2206771,9787101164367,50
245985527,9787101164367,50
135186255,9787101164367,40
2668088,9787101164367,50
201481344,9787101164367,50
1136353,9787101164367,50
49774069,9787101164367,50
216667451,9787101164367,50
190920121,9787101164367,40
124573895,9787101164367,50
238531516,9787101164367,40
63227444,9787101164367,50
253806208,9787101164367,40
4352707,9787101164367,40
194037913,9787101164367,50
150253592,9787218166117,50
2458096,9787218166117,30
125747563,9787218166117,40
1166692,9787218166117,40
2860322,9787218166117,50
3627289,9787218166117,30
191198532,9787218166117,30
210080236,9787218166117,40
57783734,9787218166117,40
28165185,9787218166117,50
154821597,9787218166117,50
172526494,9787218166117,50
173758519,9787218166117,30
161147127,9787218166117,50
1016866,9787218166117,40
141710847,9787218166117,10
190920121,9787218166117,40
47631056,9787218166117,40
1329593,9787218166117,40
2126832,9787218166117,40
2216986,9787218166117,30
143590019,9787218166117,50
208707422,9787218166117,50
2065435,9787218166117,50
44473060,9787218166117,50
224460618,9787218166117,40
154042357,9787218166117,50
101560136,9787218166117,40
196233146,9787218166117,30
58222498,9787218166117,40
240301791,9787218166117,50
40927087,9787218166117,50
33560621,9787218166117,50
137204656,9787218166117,50
137350687,9787218166117,40
73131734,9787221182920,50
1786966,9787221182920,30
47088514,9787221182920,40
139938343,9787221182920,40
237715944,9787221182920,40
76317126,9787221182920,50
152072138,9787221182920,40
1359866,9787221182920,30
167437759,9787221182920,30
247487271,9787221182920,40
2668088,9787221182920,30
4625504,9787221182920,40
146806696,9787221182920,30
59826641,9787221182920,50
253108158,9787221182920,30
216667451,9787221182920,50
104757717,9787221182920,40
36335433,9787221182920,40
3903699,9787221182920,40
174825199,9787221182920,30
252142188,9787221182920,50
276146247,9787221182920,40
62513788,9787221182920,40
172526494,9787221182920,40
86505188,9787221182920,40
30666517,9787221182920,50
2603819,9787221182920,40
60404237,9787221182920,40
1306221,9787221182920,40
2628045,9787221182920,40
2019748,9787221182920,40
161011093,9787221182920,40
47631056,9787221182920,40
3627289,9787221182920,40
209435029,9787221182920,40
190920121,9787221182920,30
1741444,9787221182920,50
144887753,9787221182920,50
54297349,9787221182920,40
48319207,9787221182920,40
60106921,9787221182920,40
2860322,9787221182920,40
216387767,9787229167127,30
37830824,9787229167127,50
42127963,9787229167127,40
2984045,9787229167127,40
49949413,9787229167127,50
137050697,9787229167127,40
191853093,9787229167127,40
57475766,9787229167127,40
127478389,9787229167127,40
1768329,9787229167127,40
2432492,9787229167127,40
49934050,9787229167127,40
1425058,9787229167127,40
2347992,9787229167127,50
3280495,9787229167127,40
164604461,9787229167127,30
2884120,9787229167127,30
43029250,9787229167127,40
51360602,9787229167127,40
48812023,9787229167127,40
14302023,9787229167127,40
65792723,9787229167127,40
46351623,9787229167127,50
66844934,9787229167127,50
55403526,9787229167127,40
1617494,9787229167127,30
230657120,9787229167127,50
46933063,9787229167127,30
54475520,9787229167127,40
122984435,9787229167127,30
119833445,9787229167127,40
1902031,9787229167127,40
62606700,9787229167127,20
4150687,9787229167127,40
189038003,9787229167127,50
1659939,9787229167127,40
224090861,9787108015280,50
216821601,9787108015280,50
3677597,9787108015280,30
50398302,9787108015280,50
190090574,9787108015280,40
2693233,9787108015280,40
19157306,9787108015280,50
3561841,9787108015280,50
61754139,9787108015280,40
50213879,9787108015280,40
149939758,9787108015280,50
155962055,9787108015280,30
170909793,9787108015280,50
152063458,9787108015280,50
221304529,9787108015280,40
51469521,9787108015280,30
125992240,9787108015280,50
177734925,9787108015280,50
27561469,9787108015280,40
1744082,9787108015280,40
173952981,9787536079113,50
142121293,9787536079113,50
252041994,9787536079113,50
53599542,9787536079113,50
162583955,9787536079113,50
65121695,9787536079113,50
48425215,9787536079113,30
1083626,9787536079113,40
106327005,9787536079113,50
189038003,9787536079113,50
184318973,9787536079113,50
83503437,9787536079113,50
134044012,9787536079113,50
133471157,9787536079113,40
154311124,9787536079113,50
213670112,9787536079113,50
50612909,9787536079113,50
159655075,9787536079113,40
3267811,9787536079113,50
4217802,9787536079113,50
1029752,9787536079113,50
64544029,9787536079113,50
4584253,9787536079113,50
44185112,9787536079113,50
54522180,9787536079113,50
1284902,9787536079113,50
181048694,9787536079113,50
43353706,9787536079113,50
138724776,9787559864253,40
161353974,9787559864253,40
190534968,9787559864253,50
151979574,9787559864253,50
172526494,9787559864253,50
139736965,9787559864253,50
156470714,9787559864253,50
186221561,9787559864253,50
64328029,9787559864253,30
51588181,9787559864253,50
2860322,9787559864253,50
57372634,9787559864253,50
177853316,9787559864253,50
104757717,9787559864253,50
130317039,9787559864253,50
2083052,9787559864253,40
135186255,9787559864253,40
72888029,9787559864253,50
162043028,9787559864253,50
172590933,9787559864253,50
247487271,9787559864253,50
187041151,9787559864253,50
55577108,9787559864253,50
2516247,9787559864253,50
159774172,9787559864253,50
152142084,9787559864253,50
253108158,9787559864253,50
166168890,9787559864253,50
268802318,9787559864253,50
69683860,9787559864253,50
4164078,9787559864253,30
86954634,9787559864253,50
265885881,9787208172036,50
120187432,9787208172036,50
26524730,9787208172036,50
1077129,9787208172036,50
2336511,9787208172036,40
39081665,9787208172036,50
1342903,9787208172036,50
50864883,9787208172036,40
44310198,9787208172036,50
12744553,9787208172036,50
3425802,9787208172036,40
48371287,9787208172036,50
4638543,9787208172036,50
3189471,9787208172036,50
2755066,9787208172036,40
37987303,9787208172036,30
62819038,9787208172036,50
80653338,9787208172036,40
3539708,9787208172036,50
10721010,9787208172036,40
120268630,9787208172036,50
56191040,9787208172036,50
42805862,9787208172036,20
78183847,9787208172036,30
1400433,9787208172036,40
1126281,9787208172036,40
214516155,9787208172036,30
106317011,9787208172036,50
36486763,9787208172036,50
172909639,9787208172036,50
3027195,9787208172036,50
4495690,9787208172036,30
48917226,9787208172036,30
1176560,9787208172036,50
144132224,9787208172036,30
1793618,9787208172036,30
144347076,9787208172036,50
4273374,9787208172036,40
65178421,9787208172036,50
1385969,9787208172036,50
3983505,9787208172036,30
4390456,9787208172036,40
103053234,9787208172036,40
59293395,9787208172036,40
79949272,9787208172036,50
174491806,9787208172036,40
49280862,9787301281482,40
148179346,9787301281482,50
103270163,9787301281482,40
174578265,9787301281482,50
189004931,9787301281482,50
83489339,9787301281482,40
188465102,9787301281482,50
63406248,9787301281482,50
82773688,9787301281482,10
121391596,9787301281482,40
1634596,9787301281482,40
123436161,9787301281482,50
66742915,9787301281482,50
40970319,9787301281482,50
2919413,9787301281482,50
103077795,9787301281482,40
57062689,9787301281482,50
136238454,9787301281482,50
51752557,9787301281482,30
200551800,9787301281482,50
216148566,9787301281482,40
99983534,9787301281482,50
184235807,9787301281482,40
157605758,9787301281482,50
15542933,9787301281482,40
208477307,9787301281482,50
39227205,9787301281482,50
255283730,9787301281482,50
170834900,9787301281482,50
115754805,9787301281482,50
3662577,9787301281482,50
197068459,9787301281482,50
45598642,9787301281482,50
138655929,9787301281482,50
189479334,9787301281482,40
2262523,9787301281482,50
28582404,9787301281482,40
184252810,9787301281482,40
78633581,9787301281482,50
3116191,9787301281482,50
179128205,9787510479106,50
3647951,9787510479106,40
63147887,9787510479106,40
138944351,9787510479106,40
198811479,9787510479106,40
44473060,9787510479106,50
195837183,9787510479106,40
247200255,9787510479106,50
36335433,9787510479106,50
163869355,9787510479106,50
143805058,9787510479106,50
7282669,9787510479106,40
124573895,9787510479106,50
253844692,9787510479106,40
3566957,9787510479106,50
167752227,9787510479106,50
172526494,9787510479106,50
41117868,9787510479106,50
119600286,9787510479106,50
33560621,9787510479106,50
136664541,9787510479106,40
52315535,9787510479106,40
194607621,9787510479106,50
72888029,9787510479106,50
40261878,9787510479106,40
2229280,9787510479106,50
86505188,9787510479106,40
81586924,9787510479106,50
47315898,9787510479106,40
1053522,9787510479106,40
255729266,9787510479106,40
207809933,9787510479106,50
179317494,9787510479106,50
2516247,9787510479106,40
262366247,9787510479106,50
247487271,9787510479106,40
53748765,9787510479106,50
129059108,9787547740224,50
36723501,9787547740224,50
65173968,9787547740224,50
58081101,9787547740224,50
209199205,9787547740224,50
143043348,9787547740224,50
155955164,9787547740224,40
49772958,9787547740224,50
43181635,9787547740224,50
52157367,9787547740224,50
194741693,9787547740224,50
2843460,9787547740224,50
178565807,9787547740224,20
149964660,9787547740224,50
69219968,9787547740224,50
2492038,9787547740224,40
1688615,9787547740224,50
139364277,9787547740224,50
177227951,9787547740224,50
154425021,9787547740224,40
69947819,9787547740224,50
124573895,9787547740224,40
157689611,9787547740224,50
174269147,9787547740224,40
144231750,9787547740224,50
196497072,9787547740224,50
89380154,9787547740224,40
1147451,9787547740224,50
253313971,9787547740224,50
78065496,9787547740224,40
64155300,9787547740224,40
11618591,9787547740224,50
83483930,9787547740224,40
2536847,9787547740224,50
157432394,9787547740224,50
153934885,9787547740224,50
3903687,9787547740224,50
126023713,9787301350188,50
60153445,9787301350188,40
156736953,9787301350188,40
3331173,9787301350188,40
1136353,9787301350188,40
189708801,9787301350188,50
163363489,9787301350188,40
163809107,9787301350188,40
33560621,9787301350188,50
71061652,9787301350188,40
37796090,9787301350188,30
197047294,9787301350188,40
77423976,9787513356183,50
3485381,9787513356183,40
2860322,9787513356183,40
130139652,9787513356183,40
51894701,9787513356183,50
138619037,9787513356183,30
259755640,9787513356183,50
183618330,9787513356183,20
2603819,9787513356183,40
65923363,9787513356183,40
3525194,9787513356183,40
275904031,9787513356183,40
4625504,9787513356183,50
155752101,9787513356183,40
47809915,9787513356183,50
45507274,9787513356183,40
211139318,9787513356183,40
238759920,9787513356183,40
3913640,9787513356183,50
135820992,9787513356183,10
3627289,9787513356183,40
133677980,9787513356183,50
61774653,9787553820002,30
176695078,9787553820002,40
265236769,9787553820002,40
128532849,9787553820002,40
259206326,9787553820002,50
95525889,9787553820002,40
33560621,9787553820002,40
163869355,9787553820002,50
203422093,9787553820002,50
69366346,9787553820002,50
190539097,9787553820002,50
86505188,9787553820002,40
44473060,9787553820002,50
240340605,9787553820002,40
247200255,9787553820002,50
179327948,9787553820002,50
162471359,9787553820002,50
249143457,9787553820002,50
101560136,9787553820002,40
268222129,9787553820002,50
223664862,9787553820002,40
259755640,9787553820002,40
166260597,9787553820002,50
217604387,9787553820002,50
160406663,9787553820002,50
82183438,9787553820002,50
227918549,9787553820002,50
272335125,9787553820002,40
247487271,9787553820002,40
271288194,9787553820002,50
1227995,9787508647357,50
2289860,9787508647357,40
151962368,9787508647357,40
226184217,9787508647357,50
54269423,9787508647357,40
151010953,9787508647357,50
68724391,9787508647357,50
144434911,9787508647357,50
137228249,9787508647357,50
254201393,9787508647357,50
162989918,9787508647357,50
61543146,9787508647357,50
32236434,9787508647357,50
249981282,9787508647357,50
126585478,9787508647357,50
1434391,9787508647357,40
266946864,9787508647357,50
32047885,9787508647357,50
177747306,9787508647357,50
182073887,9787508647357,30
4742801,9787508647357,40
144961026,9787508647357,40
4558566,9787508647357,50
128653041,9787508647357,50
198069904,9787508647357,40
189511221,9787508647357,30
17494756,9787508647357,50
177828489,9787520214988,40
56535339,9787520214988,10
28368879,9787520214988,30
210865824,9787520214988,50
2945450,9787520214988,50
57967461,9787520214988,50
51728044,9787520214988,40
258491341,9787520214988,50
49613201,9787520214988,50
37259972,9787520214988,40
1047753,9787520214988,50
161657439,9787520214988,40
78065496,9787520214988,50
174887771,9787520214988,50
175414487,9787520214988,50
135186255,9787520214988,40
53585021,9787520214988,50
53613967,9787520214988,30
51601022,9787520214988,40
113667090,9787520214988,50
2735904,9787520214988,40
2233142,9787520214988,50
170043786,9787559867193,40
1569350,9787559867193,40
47631056,9787559867193,40
55577108,9787559867193,50
3198464,9787559867193,40
2860322,9787559867193,40
41133687,9787559867193,40
152142084,9787559867193,40
161147127,9787559867193,50
101560136,9787559867193,40
148891174,9787559867193,40
1155527,9787559867193,50
1053522,9787559867193,50
1961170,9787559867193,40
268802318,9787559867193,50
86954634,9787559867193,50
2458096,9787218170367,40
1458439,9787218170367,50
198811479,9787218170367,40
182565365,9787218170367,40
142135360,9787218170367,40
172526494,9787218170367,40
185027307,9787218170367,40
58222498,9787218170367,40
1016866,9787218170367,40
190920121,9787218170367,30
47631056,9787218170367,40
59881801,9787218170367,40
69402056,9787218170367,40
33560621,9787218170367,40
151900228,9787218170367,40
53748765,9787218170367,50
247200255,9787218170367,50
260911388,9787218170367,50
4542860,9787218170367,50
197229362,9787218170367,50
2229280,9787218170367,50
185535447,9787218170367,30
240301791,9787218170367,50
154904443,9787218170367,50
275904031,9787218170367,40
44473060,9787218170367,50
37129491,9787218170367,10
87704562,9787218170367,10
272335125,9787218170367,40
177517896,9787218170367,50
167327718,9787218170367,10
253108158,9787218170367,50
195076831,9787547743126,40
15156211,9787547743126,40
64052980,9787547743126,40
2943505,9787547743126,40
37131063,9787547743126,30
1648219,9787547743126,50
35272681,9787547743126,30
56006606,9787547743126,40
2684149,9787547743126,50
38424071,9787547743126,30
133519688,9787547743126,30
38837902,9787547743126,30
92741098,9787547743126,30
4195445,9787547743126,40
136764128,9787547743126,40
58229887,9787547743126,50
62540195,9787547743126,40
157480974,9787547743126,30
170270005,9787547743126,40
1612198,9787547743126,40
3609727,9787547743126,40
1861433,9787547743126,40
1049746,9787547743126,40
1813717,9787547743126,50
1041423,9787547743126,40
160962149,9787547743126,40
66667644,9787547743126,40
2732338,9787547743126,30
93386757,9787547743126,20
136842036,9787547743126,30
1803305,9787547743126,30
177377206,9787547743126,40
178918272,9787547743126,40
160758632,9787547743126,20
34174761,9787547743126,40
56925526,9787547743126,30
40411891,9787547743126,40
34021054,9787547743126,40
127866586,9787547743126,50
44195313,9787547743126,40
157721705,9787547743126,40
1326904,9787547743126,50
49649466,9787547743126,40
152068550,9787547743126,40
135501791,9787221179364,40
62846512,9787221179364,30
2603819,9787221179364,30
72100627,9787221179364,20
164788334,9787221179364,30
135154608,9787221179364,30
154805320,9787221179364,40
165794623,9787221179364,50
130193971,9787221179364,40
185027307,9787221179364,30
33560621,9787221179364,50
168358753,9787221179364,40
239438994,9787221179364,50
1732691,9787221179364,40
190920121,9787221179364,40
158427100,9787221179364,50
149447792,9787221179364,40
2326145,9787221179364,50
163809107,9787221179364,40
47631056,9787221179364,40
3566957,9787221179364,50
1045899,9787221179364,50
86505188,9787221179364,40
1836258,9787221179364,50
1053522,9787221179364,50
41133687,9787221179364,50
2860322,9787221179364,50
238759920,9787221179364,50
2516247,9787221179364,40
60158237,9787221179364,40
240301791,9787221179364,50
83616696,9787530675816,50
2876166,9787530675816,40
126401152,9787530675816,40
274465512,9787530675816,40
151997207,9787530675816,50
1856615,9787530675816,40
51924280,9787530675816,40
45155874,9787530675816,50
49809335,9787530675816,50
1428759,9787530675816,40
14391510,9787530675816,40
42116156,9787530675816,40
82520413,9787530675816,50
108489684,9787530675816,30
162181991,9787530675816,50
58449012,9787530675816,40
3510792,9787530675816,50
58635769,9787530675816,40
15234344,9787530675816,40
60891852,9787530675816,30
50937217,9787530675816,50
1457925,9787530675816,40
166803215,9787530675816,50
49095018,9787530675816,40
59059057,9787530675816,50
188275635,9787530675816,30
52720706,9787530675816,30
49364001,9787530675816,40
49198892,9787530675816,50
1794637,9787530675816,40
184277690,9787530675816,40
27846211,9787530675816,30
1256388,9787530675816,40
138167222,9787530675816,50
49098505,9787530675816,50
150010052,9787530675816,40
80299241,9787530675816,50
1786721,9787530675816,40
1410468,9787530675816,50
1320322,9787530675816,50
119445325,9787530675816,40
2269702,9787530675816,40
178565807,9787530675816,20
1569350,9787559867285,40
47631056,9787559867285,40
146406357,9787559867285,50
69683860,9787559867285,50
181090915,9787559867285,40
2860322,9787559867285,50
1306221,9787559867285,40
189644616,9787559867285,50
104757717,9787559867285,40
86505188,9787559867285,50
2516247,9787559867285,40
1892895,9787559673510,50
1686297,9787559673510,40
22569350,9787559673510,50
2860322,9787559673510,50
46702887,9787559673510,50
2560623,9787559673510,50
1018146,9787559673510,40
4712742,9787559673510,40
70549222,9787559673510,40
58222498,9787559673510,50
165961584,9787108041531,50
40523064,9787108041531,50
35686947,9787108041531,50
2890114,9787108041531,50
50629352,9787108041531,50
129112347,9787108041531,50
53333018,9787108041531,50
145479715,9787108041531,50
67591138,9787108041531,50
2165508,9787108041531,40
1449703,9787108041531,50
226055333,9787108041531,50
226670791,9787108041531,50
43729297,9787108041531,50
148438301,9787108041531,40
33325141,9787108041531,50
1297475,9787108041531,50
90097523,9787108041531,50
49473053,9787108041531,50
1284947,9787108041531,50
43812009,9787108041531,50
35233612,9787108041531,50
61754139,9787108041531,40
154311124,9787108041531,50
54647076,9787108041531,50
137756915,9787108041531,50
200258236,9787108041531,40
177600980,9787108041531,10
162977683,9787108041531,40
149216015,9787108041531,50
41168593,9787513351430,40
1215880,9787513351430,40
13822677,9787513351430,40
3371724,9787513351430,50
180470110,9787513351430,50
81913705,9787513351430,40
1368598,9787513351430,50
3803572,9787513351430,50
159532059,9787513351430,50
4290561,9787513351430,40
3977154,9787513351430,40
55273908,9787513351430,50
55895751,9787513351430,40
2215937,9787513351430,40
158573455,9787513351430,40
68030126,9787513351430,30
36337453,9787513351430,40
69258021,9787513351430,40
2977861,9787513351430,40
217810411,9787513351430,40
3809075,9787513351430,50
167997867,9787513351430,40
52278458,9787513351430,40
2592641,9787513351430,40
45950734,9787513351430,40
124091634,9787513351430,40
2057344,9787513351430,40
53216235,9787513351430,40
34929495,9787513351430,40
48477485,9787513351430,50
2178451,9787513351430,50
53962109,9787513351430,50
161335886,9787513351430,40
1345496,9787513351430,50
178347830,9787513351430,50
1291259,9787513351430,40
53509379,9787513351430,50
2847279,9787513351430,50
31815624,9787513351430,40
179378163,9787513351430,50
91726737,9787513351430,40
141550618,9787513351430,50
46295098,9787513351430,40
141308103,9787513351430,50
149717401,9787513351430,30
125542489,9787513351430,40
178565807,9787513351430,30
44168774,9787513351430,40
59524378,9787513351430,40
50223069,9787513351430,50
16631807,9787513351430,50
163457922,9787513351430,50
156351372,9787513351430,50
65217239,9787513351430,40
127317710,9787513351430,40
168017524,9787513351430,40
26398930,9787513351430,40
139212818,9787513351430,40
48340177,9787513351430,40
140018497,9787513351430,40
2269068,9787218167367,50
54475520,9787218167367,30
69484736,9787218167367,40
63167150,9787218167367,40
219063275,9787218167367,30
91874949,9787218167367,30
44087578,9787218167367,30
41649419,9787218167367,40
166350934,9787218167367,50
67057953,9787218167367,40
29564013,9787218167367,40
4833775,9787218167367,40
130602812,9787218167367,40
2456010,9787218167367,40
169358216,9787218167367,50
73131734,9787218167367,40
63548084,9787218167367,40
29075889,9787218167367,50
49699013,9787218167367,40
3190554,9787218167367,40
36102949,9787218167367,40
28165185,9787218167367,40
1048449,9787218167367,40
98231333,9787218167367,30
1096896,9787218167367,40
2934607,9787218167367,40
54482747,9787218167367,40
224276946,9787218167367,50
202183587,9787218167367,40
155281899,9787218167367,30
62874708,9787218167367,40
210169058,9787218167367,50
4152095,9787218167367,40
240099260,9787218167367,50
227013429,9787218167367,50
131177531,9787218167367,40
1243488,9787218167367,40
244717109,9787218167367,40
184223211,9787218167367,40
43586818,9787218167367,40
1639184,9787218167367,30
95525889,9787218167367,40
26863991,9787218167367,40
115854319,9787218167367,40
9207363,9787218167367,40
81149989,9787218167367,30
3576312,9787218167367,50
73929184,9787218167367,40
1103197,9787218167367,50
202015934,9787218167367,40
210080236,9787218167367,50
255868993,9787218167367,50
136928680,9787218167367,30
3050424,9787218167367,50
157711190,9787218167367,50
1066237,9787218167367,30
179479275,9787218167367,40
2443873,9787218167367,40
26226046,9787218167367,40
54380617,9787218167367,40
212174974,9787218167367,40
3825348,9787218167367,50
138219995,9787218167367,40
152671461,9787218167367,40
2847924,9787218167367,40
2211931,9787218167367,40
223021966,9787218167367,50
77863511,9787218167367,40
108489684,9787530677216,40
63991321,9787530677216,40
83616696,9787530677216,40
48917226,9787530677216,50
79049984,9787530677216,50
120691485,9787530677216,40
47690366,9787530677216,40
54653146,9787530677216,50
126401152,9787530677216,40
147579948,9787530677216,50
8333903,9787530677216,50
2876166,9787530677216,40
60095935,9787530677216,40
159232648,9787530677216,30
274465512,9787530677216,40
1454028,9787530677216,40
119918603,9787530677216,30
2507612,9787530677216,40
2479920,9787530677216,40
62619587,9787530677216,50
169731246,9787530677216,40
123814843,9787530677216,50
1338590,9787530677216,40
153605461,9787530677216,50
165351933,9787530677216,40
2271053,9787530677216,50
139563730,9787530677216,50
152072138,9787530677216,40
1786721,9787530677216,40
42116156,9787530677216,40
59059057,9787530677216,50
188275635,9787530677216,40
1794637,9787530677216,50
2720898,9787530677216,40
44310198,9787530677216,40
52720706,9787530677216,30
52441640,9787530677216,40
1000649,9787530677216,50
1320322,9787530677216,40
59782397,9787530677216,50
151304143,9787530677216,40
62560040,9787530677216,40
164439991,9787521226805,50
2171891,9787521226805,40
49669519,9787521226805,40
52299470,9787521226805,50
164892244,9787521226805,40
2008561,9787521226805,40
72941446,9787521226805,40
1166692,9787521226805,50
1439441,9787521226805,20
214957347,9787521226805,40
178227373,9787521226805,50
140854165,9787521226805,50
6464118,9787521226805,50
130920762,9787521226805,50
12508543,9787521226805,50
81393262,9787521226805,50
1075651,9787521226805,30
236079774,9787521226805,50
121614366,9787521226805,50
1155832,9787521226805,50
112473947,9787521226805,50
2854271,9787521226805,40
168017524,9787521226805,30
45856364,9787521226805,40
207026842,9787521226805,50
7282669,9787521226805,50
31242506,9787521226805,30
79251009,9787521226805,50
2229280,9787521226805,40
96497788,9787521226805,50
159718966,9787521226805,40
121902065,9787521226805,50
168071790,9787521226805,30
46829200,9787521226805,50
31519534,9787521226805,30
154805320,9787521226805,40
68473059,9787521226805,40
185328381,9787521226805,40
2807937,9787521226805,50
239265822,9787521226805,50
45243394,9787521226805,50
2068462,9787521226805,40
4013800,9787521226805,50
147577220,9787521226805,50
2202819,9787521226805,50
2858957,9787521226805,50
1553180,9787521226805,40
128129644,9787521226805,40
1354742,9787521226805,50
138887061,9787521226805,50
52556881,9787521226805,50
2392134,9787521226805,50
39557203,9787521226805,50
37259972,9787521226805,50
145848764,9787521226805,40
2795485,9787521226805,30
3627289,9787521226805,30
1371880,9787521226805,40
2592641,9787521226805,50
2974335,9787521226805,40
70285761,9787521226805,50
38754265,9787521226805,50
141777842,9787521226805,50
131405024,9787521226805,50
162627456,9787521226805,50
215867690,9787521761924,50
102456163,9787521761924,30
253108158,9787521761924,40
140741149,9787521761924,50
214097738,9787521761924,50
56927848,9787521761924,40
186221561,9787521761924,50
132829450,9787521761924,30
61774653,9787521761924,50
157474678,9787521761924,50
88068768,9787521761924,40
72888029,9787521761924,50
134131045,9787521761924,50
2603819,9787521761924,50
62392719,9787521761924,50
145724386,9787521761924,50
190920121,9787521761924,50
1155527,9787547323236,40
82183438,9787547323236,50
44473060,9787547323236,40
1928576,9787547323236,40
259755640,9787547323236,40
205362867,9787547323236,50
1217929,9787553819624,50
178565807,9787553819624,30
2159916,9787553819624,40
104757717,9787553819624,40
2266243,9787553819624,40
2504807,9787553819624,40
135820992,9787553819624,20
105925237,9787553819624,50
233700506,9787553819624,50
158061987,9787553819624,40
183671586,9787553819624,50
242432877,9787553819624,40
2860322,9787553819624,50
1202601,9787553819624,20
2678368,9787553819624,30
172526494,9787553819624,50
150866755,9787553819624,40
44671296,9787553819624,40
158138482,9787553819624,40
2015994,9787553819624,40
154064165,9787553819624,40
161011093,9787553819624,50
2225410,9787553819624,40
223878402,9787553819624,30
137703794,9787553819624,50
2206771,9787553819624,50
136117342,9787553819624,50
138817494,9787553819624,40
217604387,9787553819624,50
157244982,9787553819624,40
228229652,9787553819624,40
1370965,9787553819624,50
72050022,9787553819624,50
223664862,9787553819624,40
127936816,9787553819624,40
12824797,9787553819624,40
47631056,9787553819624,40
70549222,9787553819624,40
238759920,9787553819624,40
1067641,9787545577372,40
161147127,9787545577372,50
158182179,9787545577372,30
33560621,9787545577372,50
150136875,9787545577372,40
104757717,9787545577372,50
247487271,9787545577372,40
255433500,9787545577372,50
2206771,9787545577372,50
259755640,9787545577372,50
44473060,9787545577372,50
233700506,9787545577372,50
148735029,9787545577372,50
262529959,9787545577372,50
223664862,9787545577372,40
172526494,9787545577372,50
264499107,9787545577372,20
4164078,9787545577372,30
216074321,9787545577372,50
228229652,9787545577372,50
86505188,9787545577372,50
165294049,9787545577372,30
240099260,9787545577372,50
214243539,9787545577372,40
1045899,9787545577372,50
2056470,9787545577372,30
47339886,9787545577372,50
159958026,9787545577372,40
2516247,9787545577372,50
3409781,9787545577372,30
133677980,9787545577372,50
89043167,9787545577372,50
41375338,9787545577372,50
55390959,9787545577372,40
253108158,9787545577372,50
48966717,9787545577372,50
155962983,9787547746264,30
186548600,9787547746264,30
37945741,9787547746264,40
149600300,9787547746264,40
166367268,9787547746264,30
43383073,9787547746264,30
2949356,9787547746264,40
4308433,9787547746264,40
2737198,9787547746264,40
126506015,9787547746264,30
167107983,9787547746264,40
26072594,9787547746264,50
147764105,9787547746264,50
53382678,9787547746264,40
77120383,9787547746264,40
39778105,9787547746264,40
163138173,9787547746264,40
63679029,9787547746264,40
114429178,9787547746264,40
148022393,9787547746264,50
150046392,9787547746264,50
223935224,9787547746264,30
4199984,9787547746264,30
130287400,9787547746264,50
200465242,9787547746264,40
92641696,9787547746264,50
32536351,9787547746264,30
53361344,9787547746264,40
173907002,9787547746264,30
57052407,9787547746264,40
46372640,9787547746264,40
142459808,9787547746264,40
58155330,9787547746264,50
54756108,9787547746264,50
93758972,9787547746264,40
197963874,9787547746264,40
3568512,9787547746264,30
132281682,9787547746264,40
23898693,9787547746264,40
51884181,9787547746264,30
153140789,9787547746264,50
204687559,9787547746264,50
49255582,9787547746264,40
160979712,9787547746264,30
68916376,9787547746264,30
72393880,9787547746264,40
1704882,9787547746264,40
4350484,9787547746264,40
86505188,9787513945448,50
1329593,9787513945448,40
3835563,9787513945448,40
185027307,9787513945448,30
2024660,9787513945448,40
1018558,9787513945448,40
46481551,9787513945448,40
275904031,9787513945448,40
126023713,9787513945448,40
42097517,9787513945448,50
252739413,9787513945448,40
266355508,9787513945448,40
102456163,9787513945448,40
104757717,9787513945448,40
149447792,9787513945448,40
47631056,9787513945448,40
1871731,9787513945448,40
195437119,9787513945448,30
2860322,9787513945448,50
2451187,9787513945448,40
1187356,9787557101176,40
253108158,9787557101176,50
206763731,9787557101176,40
1399116,9787557101176,50
48999105,9787557101176,40
72608807,9787557101176,40
48554149,9787557101176,40
161335886,9787557101176,40
151185885,9787557101176,50
1173577,9787557101176,50
3627289,9787557101176,40
101560136,9787557101176,40
3684199,9787557101176,50
2024660,9787557101176,40
2334378,9787557101176,40
47631056,9787557101176,40
61578674,9787557101176,40
254141506,9787557101176,50
2120605,9787557101176,30
163247061,9787557101176,40
88167246,9787557101176,40
70549222,9787557101176,40
2629298,9787557101176,40
2860322,9787557101176,40
141710847,9787557101176,50
140585973,9787557101176,30
179804024,9787557101176,50
2206771,9787203133117,50
210725770,9787203133117,50
47315898,9787203133117,50
228229652,9787203133117,50
3155342,9787203133117,50
57741394,9787203133117,50
275904031,9787203133117,40
4637318,9787203133117,50
237662880,9787203133117,50
217229466,9787203133117,50
258938141,9787203133117,40
247487271,9787203133117,50
186221561,9787203133117,50
47879942,9787203133117,50
233700506,9787203133117,50
133284437,9787203133117,50
137510235,9787573210227,40
80259508,9787573210227,40
196600703,9787573210227,40
134050241,9787573210227,50
74793143,9787573210227,30
63341899,9787573210227,30
172585357,9787573210227,40
1010310,9787573210227,40
2681978,9787573210227,40
148961628,9787573210227,30
126748848,9787573210227,50
61774653,9787573210227,40
3627289,9787573210227,30
28295446,9787573210227,30
1593124,9787573210227,30
57908166,9787573210227,40
1928576,9787573210227,40
2525686,9787573210227,40
53270477,9787573210227,40
185496326,9787573210227,40
170043786,9787573210227,40
45778517,9787573210227,50
137699814,9787573210227,50
67943934,9787573210227,50
94135736,9787573210227,50
253108158,9787573210227,50
262357920,9787573210227,50
233700506,9787573210227,50
2860322,9787573210227,50
126880635,9787573210227,50
158734759,9787100200578,50
253108158,9787533972530,40
165822667,9787533972530,30
161335886,9787533972530,40
104757717,9787533972530,50
209190210,9787533972530,40
262529959,9787533972530,50
162471359,9787533972530,50
130317039,9787533972530,50
172240924,9787533972530,50
255072176,9787552042962,40
216667451,9787552042962,50
194607621,9787552042962,50
216074321,9787552042962,40
249035843,9787552042962,50
2603819,9787552042962,40
3642678,9787552042962,30
49085602,9787552042962,20
33560621,9787552042962,40
166260597,9787552042962,50
3627289,9787552042962,40
3093799,9787552042962,40
104757717,9787552042962,40
146406357,9787552042962,40
45314298,9787552042962,40
269686036,9787552042962,40
259206326,9787552042962,50
64663130,9787552042962,40
1166692,9787552042962,40
47631056,9787552042962,40
60583406,9787552042962,40
101560136,9787552042962,40
165693272,9787552042962,40
203439507,9787552042962,50
36486763,9787520212311,50
1358035,9787520212311,40
13632237,9787520212311,30
1584930,9787520212311,30
30065842,9787520212311,50
1392591,9787520212311,40
34404618,9787520212311,50
173646549,9787520212311,40
54176566,9787520212311,50
2733435,9787520212311,30
180788971,9787520212311,50
152184380,9787520212311,20
168228478,9787520212311,50
187426442,9787520212311,40
49505536,9787520212311,40
1259305,9787520212311,40
1621868,9787520212311,30
17699773,9787520212311,50
3737553,9787520212311,50
147842633,9787520212311,50
61176270,9787520212311,50
96431046,9787520212311,20
48499856,9787520212311,50
45389450,9787520212311,50
73127394,9787520212311,30
75721226,9787520212311,30
128588594,9787520212311,30
94814469,9787520212311,40
41023612,9787520212311,40
3052794,9787520212311,50
84104729,9787520212311,30
51933009,9787520212311,30
46751839,9787520212311,40
41961177,9787520212311,40
113381772,9787520212311,50
152063616,9787520212311,40
57365117,9787520212311,30
9853111,9787520212311,50
53420163,9787559665256,30
45079838,9787559665256,40
3464762,9787559665256,40
75322883,9787559665256,20
44032995,9787559665256,30
163678088,9787559665256,40
3584650,9787559665256,40
155020482,9787559665256,30
1410468,9787559665256,50
164109446,9787559665256,40
163676416,9787559665256,30
87357068,9787559665256,40
183019165,9787559665256,40
144231750,9787559665256,10
2945450,9787559665256,40
171389230,9787559665256,40
2782476,9787559665256,10
126346369,9787559665256,50
161335886,9787559665256,40
38810434,9787559665256,30
13986521,9787559665256,30
48500617,9787559665256,40
156347479,9787559665256,50
50778833,9787559665256,50
148208174,9787559665256,40
136980632,9787559665256,40
2261566,9787559665256,50
84796406,9787559665256,40
214507661,9787559665256,30
3010013,9787559665256,50
1893056,9787559665256,50
24306011,9787559665256,50
4116359,9787559665256,40
27790390,9787559665256,50
138944351,9787559665256,40
18493946,9787559665256,30
103905129,9787508653389,50
135937177,9787508653389,50
179479275,9787508653389,40
136733912,9787508653389,50
53149163,9787508653389,50
60841792,9787508653389,50
3373498,9787508653389,50
49280862,9787508653389,50
198024123,9787508653389,40
106189609,9787508653389,50
161714190,9787508653389,30
199190645,9787508653389,50
219177905,9787508653389,50
68990931,9787508653389,50
145674320,9787508653389,50
68281777,9787508653389,50
129014829,9787508653389,40
40003537,9787508653389,50
168996491,9787508653389,50
174780294,9787508653389,50
263617807,9787508653389,50
1721782,9787508653389,40
189872358,9787508653389,50
69109513,9787508653389,50
74557701,9787545549447,30
2749651,9787545549447,40
142824974,9787545549447,40
124091634,9787545549447,40
1267429,9787545549447,30
59150024,9787545549447,40
4499649,9787545549447,30
64201440,9787545549447,40
36638328,9787545549447,30
6260234,9787545549447,30
41745774,9787545549447,50
59134785,9787545549447,40
1457858,9787545549447,40
2492038,9787545549447,40
57686822,9787545549447,50
136059879,9787545549447,30
3795515,9787545549447,40
84451595,9787545549447,40
164129297,9787545549447,40
209377298,9787545549447,30
24974359,9787545549447,30
98653599,9787545549447,30
1166681,9787545549447,30
27415473,9787545549447,30
41169838,9787545549447,50
1111486,9787545549447,30
3715304,9787545549447,20
3879144,9787545549447,30
4428372,9787545549447,40
231629278,9787545549447,40
155633993,9787545549447,50
189610857,9787545549447,30
74290800,9787545549447,30
1001804,9787545549447,50
2914451,9787545549447,50
48018565,9787545549447,30
1885351,9787545549447,50
46214005,9787545549447,30
68596295,9787545549447,30
1417595,9787545549447,40
2504807,9787208186323,40
2245818,9787208186323,30
148190907,9787208186323,40
253108158,9787208186323,40
50056000,9787208186323,40
66742915,9787208186323,50
197047294,9787208186323,40
34347548,9787208186323,20
81808624,9787208186323,50
101560136,9787208186323,40
3736341,9787208186323,30
78861474,9787208186323,50
146766791,9787208186323,40
124458949,9787208186323,50
262529959,9787208186323,30
233700506,9787208186323,50
137469551,9787208186323,40
247487271,9787208186323,50
136745686,9787208186323,50
72050022,9787208186323,40
275605124,9787208186323,50
160907521,9787208186323,50
1001170,9787516827864,40
44682173,9787516827864,40
49283643,9787516827864,40
1541869,9787516827864,40
154918877,9787516827864,50
33918162,9787516827864,40
1133534,9787516827864,50
2048919,9787516827864,40
2588391,9787516827864,40
57982168,9787516827864,40
58605578,9787516827864,40
1090308,9787516827864,40
2227126,9787516827864,30
3611128,9787516827864,40
2567328,9787516827864,30
1965708,9787516827864,50
202210256,9787516827864,40
3056831,9787516827864,30
2396704,9787516827864,40
148344312,9787516827864,30
57536012,9787516827864,50
56796555,9787516827864,40
81378317,9787516827864,30
223842711,9787516827864,50
183618330,9787516827864,30
159812365,9787516827864,30
61838722,9787516827864,40
48884717,9787516827864,40
1505585,9787516827864,50
50069114,9787516827864,40
7193948,9787516827864,40
44090728,9787516827864,10
135120503,9787516827864,50
1000751,9787516827864,50
49020270,9787516827864,40
1747802,9787516827864,30
46369922,9787522526027,40
254317450,9787522526027,50
2603819,9787522526027,40
222322465,9787522526027,50
4629619,9787522526027,40
1961170,9787522526027,40
187414340,9787522526027,50
48218218,9787522526027,50
233700506,9787522526027,50
13654838,9787522526027,40
166936862,9787522526027,40
1110664,9787522526027,50
59776030,9787522526027,50
254141506,9787522526027,40
104757717,9787522526027,40
130317039,9787522526027,40
1067200,9787522526027,40
253108158,9787522526027,50
47631056,9787522526027,40
2699021,9787522526027,40
180344039,9787522526027,40
169634070,9787522526027,50
2857691,9787522526027,50
70549222,9787522526027,40
39129149,9787522526027,40
51686878,9787522526027,40
2860322,9787522526027,50
1017995,9787509776223,30
3645454,9787509776223,50
54848936,9787509776223,40
73975799,9787509776223,50
159182940,9787509776223,30
60550125,9787509776223,50
158235094,9787509776223,30
92359784,9787509776223,50
200038863,9787509776223,50
55746670,9787509776223,50
58596058,9787509776223,50
58081101,9787509776223,50
155562989,9787509776223,50
74290800,9787509776223,50
48781656,9787509776223,50
159001685,9787509776223,50
127851500,9787509776223,50
81931512,9787509776223,50
230234762,9787509776223,50
137350687,9787509776223,50
156736953,9787509776223,50
223878402,9787509776223,50
37830824,9787509776223,50
196097309,9787509776223,50
185536798,9787509776223,50
119684228,9787509776223,50
70096653,9787509776223,50
229299752,9787509776223,50
1376075,9787509776223,50
157907586,9787509776223,40
270540877,9787509776223,50
4390109,9787509776223,40
1634596,9787509776223,50
1133720,9787509776223,50
173910784,9787509776223,40
8964389,9787509776223,40
174900170,9787509776223,50
161911611,9787509776223,50
79779762,9787108034731,50
131405024,9787108034731,30
188838344,9787108034731,30
140401587,9787108034731,40
233382022,9787108034731,40
190577163,9787108034731,40
3895215,9787108034731,40
5565447,9787108034731,50
152176841,9787108034731,50
33321612,9787108034731,40
1785273,9787108034731,30
45805326,9787108034731,40
155709232,9787108034731,40
142439358,9787108034731,50
152186956,9787108034731,40
120211031,9787108034731,40
172744191,9787108034731,30
1337281,9787108034731,50
1798808,9787108034731,50
155303162,9787108034731,30
7053065,9787108034731,30
124141907,9787108034731,40
75086193,9787108034731,50
143846315,9787108034731,30
139664969,9787108034731,50
177537614,9787108034731,40
4024050,9787108034731,50
1163853,9787108034731,50
129671106,9787108034731,40
160331517,9787108034731,50
1270899,9787108034731,50
11020654,9787108034731,20
3533460,9787108034731,30
56775433,9787108034731,20
189496399,9787108034731,30
102676356,9787108034731,40
1419283,9787108034731,40
54476200,9787100017664,50
174462856,9787100017664,50
17284803,9787100017664,50
2241468,9787100017664,40
2801394,9787100017664,30
43331012,9787100017664,50
167835244,9787100017664,30
161335886,9787100017664,40
47083532,9787100017664,50
142082426,9787100017664,40
152557607,9787100017664,50
7711279,9787100017664,50
168523038,9787100017664,40
44250012,9787100017664,50
152353632,9787100017664,50
67372795,9787100017664,40
252853940,9787100017664,50
1540469,9787100017664,40
146129803,9787100017664,50
40848785,9787100017664,50
165351933,9787100017664,30
65126668,9787100017664,50
127093806,9787100017664,50
151270129,9787100017664,50
52152625,9787100017664,50
2383288,9787100017664,50
257931323,9787100017664,50
194142799,9787513945202,50
104757717,9787513945202,40
233700506,9787513945202,50
70549222,9787513945202,40
2110873,9787513945202,50
1928576,9787513945202,50
2607975,9787513945202,50
1752308,9787513945202,40
1067641,9787513945202,50
119291434,9787513945202,50
81693555,9787519300203,40
253108158,9787519300203,50
3363697,9787519300203,30
31946813,9787519300203,30
2421346,9787519300203,30
217489744,9787519300203,40
183892691,9787519300203,10
142082426,9787519300203,50
2083441,9787519300203,50
48485395,9787519300203,40
3654538,9787519300203,30
55896798,9787519300203,50
192955618,9787519300203,30
102662666,9787519300203,50
210500314,9787519300203,40
152398042,9787519300203,50
120461877,9787519300203,50
50206377,9787519300203,40
90762991,9787519300203,30
54243477,9787519300203,50
192404603,9787519300203,40
159296270,9787519300203,50
168996491,9787519300203,50
161335886,9787519300203,40
3733528,9787519300203,50
57831385,9787519300203,40
145738740,9787519300203,50
45789533,9787519300203,50
167025951,9787519300203,50
161675735,9787519300203,40
18318076,9787519300203,50
239412324,9787519300203,20
268261596,9787510479342,50
198811479,9787510479342,40
247200255,9787510479342,50
121886615,9787510479342,40
119600286,9787510479342,50
272335125,9787510479342,40
2567717,9787510479342,40
198002233,9787510479342,50
58399917,9787510479342,50
4537233,9787510479342,40
163620951,9787510479342,40
166823612,9787510479342,50
249143457,9787510479342,50
187950225,9787510479342,50
229962900,9787510479342,50
212284303,9787510479342,40
41117868,9787510479342,50
186345483,9787510479342,50
260911388,9787510479342,50
253844692,9787510479342,40
204856081,9787510479342,50
2516247,9787510479342,50
199796944,9787510479342,50
259755640,9787510479342,40
202466924,9787510479342,50
47315898,9787510479342,40
215297708,9787510479342,40
209362081,9787510479342,50
44473060,9787510479342,50
53748765,9787510479342,50
231950949,9787510479342,50
240340605,9787510479342,50
275904031,9787510479342,40
258484163,9787510479342,50
185462837,9787510479342,40
217604387,9787510479342,50
184017414,9787510479342,40
33560621,9787510479342,50
253108625,9787510479342,50
154468582,9787510479342,50
1410468,9787510889981,50
198124349,9787510889981,50
1897946,9787510889981,40
126023713,9787510889981,50
174462856,9787510889981,40
195076831,9787510889981,40
211930742,9787510889981,10
162348300,9787510889981,40
34265245,9787510889981,40
51200813,9787510889981,50
155557404,9787510889981,40
1301373,9787510889981,40
58965065,9787510889981,40
150655598,9787510889981,50
45930344,9787510889981,50
1320801,9787510889981,30
28370160,9787510889981,40
50778833,9787510889981,50
96241654,9787510889981,40
169679117,9787510889981,30
32402569,9787510889981,40
1680545,9787510889981,40
54141112,9787510889981,40
13986521,9787510889981,30
127695398,9787510889981,40
44452306,9787510889981,50
33718525,9787510889981,50
27790390,9787510889981,30
151853168,9787510889981,20
37756013,9787510889981,40
162656254,9787510889981,50
2022881,9787510889981,40
1582137,9787510889981,40
43181635,9787510889981,40
73208034,9787510889981,40
48111850,9787108040367,50
2455961,9787108040367,30
51871879,9787108040367,50
3681478,9787108040367,50
4479044,9787108040367,40
190506422,9787108040367,50
89737815,9787108040367,50
150042595,9787108040367,50
31946813,9787108040367,40
139845419,9787108040367,50
30731475,9787108040367,50
213340517,9787108040367,50
32916079,9787108040367,50
158915131,9787108040367,50
88130288,9787108040367,50
2894978,9787108040367,40
121860805,9787108040367,50
1542717,9787108040367,50
58266172,9787108040367,50
1149214,9787108040367,50
120076971,9787108040367,30
188975943,9787108040367,50
147833709,9787108040367,50
200885712,9787108040367,50
60152231,9787108040367,50
151201644,9787108040367,40
156796942,9787108040367,50
62555864,9787108040367,50
1388431,9787108040367,50
113298743,9787522527383,50
155592425,9787522527383,40
89480639,9787522527383,50
2603819,9787522527383,40
252739413,9787522527383,50
86505188,9787522527383,50
47631056,9787522527383,40
149447792,9787522527383,40
2860322,9787522527383,50
185027307,9787100230407,30
90456772,9787100230407,30
161147127,9787100230407,50
102456163,9787100230407,30
171965882,9787100230407,20
4359163,9787100230407,50
13871715,9787100230407,50
155144098,9787100230407,10
77643763,9787100230407,50
253108158,9787100230407,50
63452219,9787516826997,40
49098505,9787516826997,40
156734065,9787516826997,50
172465605,9787516826997,40
62658254,9787516826997,40
155708892,9787516826997,30
2476835,9787516826997,40
46395325,9787516826997,40
1107306,9787516826997,30
36939317,9787516826997,40
151334247,9787516826997,40
2269702,9787516826997,30
62290503,9787516826997,50
147842633,9787516826997,50
50563041,9787516826997,30
160394102,9787516826997,50
49945870,9787516826997,50
66706238,9787516826997,40
44973094,9787516826997,40
4727556,9787516826997,40
81026699,9787516826997,40
1421418,9787516826997,50
59248888,9787516826997,30
136842036,9787516826997,40
58370703,9787516826997,50
258250451,9787516826997,30
4204353,9787516826997,40
206163813,9787516826997,50
157596407,9787516826997,40
166143345,9787542680525,40
1324363,9787542680525,40
56966223,9787542680525,10
69484736,9787542680525,40
80797597,9787542680525,50
75384023,9787542680525,40
2139351,9787542680525,50
48363946,9787542680525,50
77643231,9787542680525,50
175737972,9787542680525,20
132547223,9787542680525,50
68815820,9787542680525,40
52956499,9787542680525,50
150376526,9787542680525,50
144371568,9787542680525,30
79294364,9787542680525,50
2035537,9787542680525,50
51973056,9787542680525,50
6618253,9787542680525,50
69202875,9787542680525,50
255054960,9787542680525,50
54475520,9787542680525,40
139406338,9787542680525,30
177537614,9787542680525,50
184718440,9787542680525,50
57302450,9787542680525,40
169681403,9787542680525,50
87320541,9787542680525,50
3334176,9787542680525,50
206706190,9787542680525,50
138192027,9787542680525,50
63307888,9787542680525,50
3627289,9787542680525,30
265885881,9787542680525,50
142790840,9787542680525,30
2503924,9787542680525,40
187713859,9787542680525,30
54141112,9787542680525,40
52169014,9787542680525,40
80017534,9787542680525,50
231139088,9787542680525,50
57274477,9787542680525,40
44678660,9787542680525,50
48856867,9787542680525,50
53325239,9787542680525,50
56832890,9787542680525,50
39627284,9787513353397,20
77588381,9787513353397,10
3406467,9787513353397,30
179398634,9787513353397,30
3254664,9787513353397,40
56810813,9787513353397,30
190962705,9787513353397,40
33742934,9787513353397,30
1401332,9787513353397,40
64648933,9787513353397,50
45151899,9787513353397,50
1221168,9787513353397,30
52112538,9787513353397,40
143741828,9787513353397,30
166387067,9787513353397,40
3280677,9787513353397,30
1346048,9787513353397,40
2536285,9787513353397,40
82996270,9787513353397,30
52442434,9787513353397,30
1439441,9787513353397,30
2210557,9787513353397,30
1991702,9787513353397,30
51250134,9787513353397,20
1401486,9787513353397,50
4833775,9787513353397,20
136880651,9787513353397,30
3462388,9787513353397,10
3677903,9787513353397,30
29575273,9787513353397,30
60047060,9787513353397,40
145102028,9787513353397,30
48189059,9787513353397,40
3722532,9787513353397,30
153668279,9787513353397,10
1779434,9787513353397,30
1805782,9787513353397,30
63723166,9787513353397,30
183769058,9787513353397,20
161954381,9787513353397,40
4237632,9787513353397,40
41691989,9787513353397,30
16394640,9787513353397,40
57774599,9787513353397,20
1819501,9787513353397,40
2197404,9787513353397,30
94139983,9787513353397,30
3600494,9787513353397,40
3433238,9787513353397,30
4851439,9787513353397,30
47631056,9787513353397,30
1798808,9787513353397,40
137234613,9787513353397,30
1086544,9787513353397,40
58052406,9787513353397,20
55279313,9787513353397,20
23620767,9787513353397,20
139236156,9787532171552,50
165181633,9787532171552,20
63636223,9787532171552,30
36414005,9787532171552,40
61629639,9787532171552,40
2874380,9787532171552,30
48532507,9787532171552,40
190850636,9787532171552,30
164027709,9787532171552,50
45863555,9787532171552,50
81913705,9787532171552,10
2211931,9787532171552,40
158584013,9787532171552,40
43650478,9787532171552,30
42468357,9787532171552,40
128173704,9787532171552,50
141625318,9787532171552,40
35051709,9787532171552,30
3528539,9787532171552,50
166466624,9787532171552,50
155912071,9787532171552,50
122984435,9787532171552,40
63995736,9787532171552,40
193461116,9787532171552,50
28493840,9787532171552,40
66749011,9787532171552,50
136928680,9787532171552,30
46112521,9787532171552,40
148735029,9787532171552,50
216359409,9787532171552,30
147748249,9787532171552,30
134022086,9787532171552,40
97447657,9787532171552,50
49162916,9787532171552,40
1187356,9787532171552,40
131374829,9787532171552,50
121083827,9787532171552,50
62906907,9787532171552,40
49871562,9787532171552,40
14952687,9787532171552,30
59752294,9787532171552,40
1659939,9787532171552,20
4300008,9787532171552,40
57981520,9787532171552,30
3599100,9787532171552,30
123865345,9787532171552,50
103575153,9787532171552,50
39120640,9787532171552,50
51176438,9787532171552,50
208742619,9787532171552,50
1306221,9787532171552,40
1346154,9787532171552,50
161954510,9787532171552,50
78599291,9787532171552,20
66786857,9787513909884,40
49290849,9787513909884,50
156883939,9787513909884,40
42048011,9787513909884,40
253406685,9787513909884,40
184761179,9787513909884,50
1955043,9787513909884,50
190010269,9787513909884,40
224018120,9787513909884,40
139736965,9787513909884,40
102807677,9787513909884,40
135277820,9787513909884,40
154621326,9787513909884,30
147492858,9787513909884,40
61530930,9787513909884,40
1294273,9787513909884,40
167922300,9787513909884,50
139457414,9787513909884,40
63995663,9787513909884,40
62377536,9787513909884,50
257306298,9787513909884,40
199190645,9787513909884,50
61406882,9787513909884,30
145004595,9787513909884,40
72888029,9787513909884,30
207361278,9787513909884,40
2928579,9787513909884,50
87907623,9787513909884,30
142366011,9787513909884,30
172615646,9787513909884,50
15258399,9787513909884,50
187384105,9787513909884,40
2237577,9787513909884,40
44437250,9787513909884,40
194947491,9787513909884,50
3780124,9787513909884,50
20023390,9787513909884,40
51023000,9787513909884,50
173123620,9787513909884,30
35030018,9787513909884,40
183230313,9787513909884,30
72861793,9787513909884,40
1413897,9787301204689,50
3512143,9787301204689,50
177744115,9787301204689,40
55562454,9787301204689,50
4682542,9787301204689,50
183185738,9787301204689,30
49095018,9787301204689,40
222556053,9787301204689,50
43961392,9787301204689,30
4880729,9787301204689,40
92163832,9787301204689,50
274862846,9787301204689,30
103675263,9787301204689,50
1053491,9787301204689,40
151003173,9787221182302,50
4537233,9787221182302,50
269957966,9787221182302,20
62359331,9787221182302,40
240301791,9787221182302,50
263737632,9787221182302,10
163618528,9787221182302,50
141710847,9787221182302,50
84454865,9787221182302,40
77588381,9787221182302,40
1928576,9787221182302,40
197047294,9787221182302,50
2546185,9787218168845,40
147577220,9787218168845,40
52403650,9787218168845,50
150765267,9787218168845,50
138984971,9787218168845,50
