User-ID,Location-IP
123392443,福建
151847209,黑龙江
53748765,北京
3155342,辽宁
224725912,湖北
227355883,河北
190201638,北京
53519362,北京
30781121,河南
3883362,北京
221007840,陕西
50518121,上海
184426111,辽宁
2096579,北京
163341928,甘肃
2066733,上海
153623936,浙江
4101935,江苏
41023612,上海
3270401,北京
50395708,安徽
41109304,浙江
2437683,重庆
52641475,四川
4419062,广东
47486983,北京
1111486,北京
95870531,浙江
123911036,辽宁
2530931,云南
61471067,浙江
64976438,浙江
169870288,陕西
142793890,山东
169573492,上海
4033427,北京
178862961,山东
159718966,山东
36539878,丹麦
247465253,江苏
1999479,北京
63406248,广东
30556862,山东
48916409,上海
177812756,黑龙江
51687516,山西
61707252,北京
2378059,北京
181061924,北京
65937807,广东
48182815,北京
2469799,江苏
51330374,江苏
81020094,福建
27379135,湖南
159830406,上海
144315914,浙江
147524060,内蒙古
1301150,上海
57761188,北京
3229771,四川
4257713,陕西
4038045,陕西
1411110,美国
161850476,北京
151513323,广东
66598168,江苏
210152614,河北
153451548,福建
164377115,浙江
164409734,广东
99041393,江苏
44592603,辽宁
1325971,天津
147873382,北京
4279224,山东
3417559,云南
137385243,北京
207475030,浙江
125830487,四川
146260881,河南
81851928,北京
1730198,天津
199342501,山东
120890389,山东
4030417,北京
87515225,北京
28980134,广东
155708892,重庆
167232208,上海
1103298,上海
171923998,天津
151164406,北京
2906423,北京
42758454,福建
2823580,广东
8257883,河北
4535707,上海
246092219,北京
49223785,福建
1332044,北京
4852496,上海
163690904,海南
39710348,河北
138677179,重庆
170466160,浙江
64873090,河北
45738527,福建
161954510,浙江
28938854,辽宁
52463045,河南
174838104,北京
42614286,辽宁
1984696,北京
54806478,北京
49272962,四川
3857014,辽宁
39048441,江苏
221917812,云南
48273445,云南
256415486,四川
1284027,北京
101560136,浙江
73114891,福建
161147127,浙江
3634520,广东
1045573,上海
234066356,北京
257827831,广东
2157633,广东
124091634,广东
256562007,北京
3627289,江苏
258232547,北京
253108158,陕西
270379026,陕西
151017536,四川
57900280,安徽
205122022,河南
1653522,辽宁
134115002,福建
196211394,广东
1037284,江苏
133519688,上海
2940474,美国
1136353,山东
52904971,四川
40184574,北京
173758519,广东
214516155,北京
33636384,江苏
46516340,广东
140585973,江苏
1207875,陕西
1099016,北京
126769986,浙江
46269579,浙江
1124652,广东
63014910,湖南
124091634,广东
4399300,四川
121721257,江苏
230680870,上海
107222278,北京
1147451,上海
71055335,广东
56486663,云南
197026046,新加坡
39116926,重庆
3101554,浙江
135186255,江苏
194724304,湖南
2782476,上海
114514716,广东
1991702,天津
1450659,北京
145345246,浙江
153444250,北京
30768966,新加坡
93578499,江西
3067628,广东
161147127,浙江
97348904,北京
47711767,北京
40677494,上海
2222845,广东
155703172,北京
84058931,湖北
241739807,浙江
102456163,上海
139115742,湖南
226546539,福建
1029954,上海
153770921,内蒙古
140778356,日本
158113074,浙江
47924060,浙江
2536847,陕西
131500342,北京
72308755,吉林
2858957,北京
113298743,北京
222219486,四川
66645706,浙江
2458096,广东
199295198,辽宁
141531558,江苏
55826755,河北
65864493,北京
240263330,中国香港
192735143,上海
2788149,北京
138538321,重庆
3301137,四川
220069972,广东
66083811,山东
139251595,浙江
239260543,天津
272335125,广东
44473060,贵州
239265822,辽宁
160406663,北京
254682065,北京
233700506,湖北
2848972,北京
60472350,江苏
2567717,北京
10668053,广东
259755640,广西
228817790,湖北
47645517,浙江
150765267,江苏
37129491,安徽
46396634,四川
240301791,北京
166260597,吉林
210791924,河南
1406182,四川
249266978,河北
253844692,广东
275904031,江西
40261878,北京
240099260,重庆
86505188,河北
124458949,北京
178567038,英国
152287241,陕西
1777692,上海
275904031,江西
255491277,湖北
172599084,江苏
155752101,江苏
49348929,北京
253844692,广东
50258580,黑龙江
56570327,山东
202848549,甘肃
3050424,江苏
36318396,挪威
101560136,浙江
115196992,上海
51221372,浙江
197026046,新加坡
178565807,上海
2860322,北京
177470954,辽宁
191198532,江苏
2156065,上海
262529959,河北
169948214,浙江
4915924,浙江
247487271,山东
92444536,北京
170729084,辽宁
72888029,北京
238759920,福建
174871354,四川
3627289,江苏
60051635,重庆
211139318,浙江
161147127,浙江
163492880,北京
209643241,安徽
51686878,上海
174496644,江西
259755640,广西
197047294,北京
1355591,北京
38081185,爱尔兰
45500884,浙江
72485071,北京
100466589,上海
9090715,四川
57500989,湖南
52692918,辽宁
143672386,辽宁
4709060,北京
2359622,北京
92150695,广东
27790390,江苏
97290840,广东
155962055,上海
35025384,内蒙古
176145027,上海
2383288,北京
164129297,广东
81052968,北京
135452166,河北
148248366,塔吉克斯坦
36876943,北京
46396634,四川
216148566,福建
57160018,山西
142256128,贵州
39726303,广东
173817326,广西
65642994,山西
87760939,安徽
138191854,海南
156632666,上海
94572950,天津
133803540,中国香港
180762891,宁夏
46553943,云南
161335886,辽宁
64139263,海南
173770478,江苏
251294836,上海
2961406,辽宁
68335526,浙江
214636118,辽宁
8858359,福建
67200006,北京
2266969,浙江
48603440,北京
125512305,四川
190516351,江西
164646060,贵州
43729297,江苏
1869948,江苏
2244711,云南
43521478,重庆
58045766,广西
102752144,上海
47024160,河北
167828439,福建
148735029,江苏
58443583,浙江
140866400,湖北
68540644,安徽
200125346,浙江
136295051,北京
150596076,浙江
160616394,北京
198111209,安徽
1418385,江苏
83251467,浙江
4272708,福建
129112347,浙江
115370480,云南
162921408,河北
159841503,陕西
48308199,福建
4261340,湖南
54572554,北京
47079392,上海
3497572,浙江
2752669,上海
59635625,澳大利亚
170834900,浙江
47402045,重庆
158619698,广东
76839451,浙江
150028667,陕西
56926782,北京
149216015,北京
50569932,陕西
159018830,重庆
30731475,中国澳门
153242133,北京
3538572,上海
62586267,山东
241832869,广东
264824304,辽宁
27561469,湖北
52901958,陕西
59649901,青海
4051137,北京
166709193,河北
133871166,广东
192318185,安徽
5675912,上海
139668966,江苏
47458734,北京
146104953,江苏
53412564,黑龙江
47734050,天津
115793488,广东
125437230,上海
68171371,广东
56956077,吉林
3524581,广东
1176160,上海
78790557,上海
42355569,浙江
57227721,广西
192063838,山东
2180542,上海
1003472,河南
2777850,上海
2002751,上海
125370183,天津
120187432,上海
64171838,江苏
1440903,北京
183223186,加拿大
159896248,广东
88240952,福建
2968022,内蒙古
145498639,福建
173817326,广西
140115055,北京
1613448,辽宁
48742705,四川
1004908,福建
41168593,广东
1075651,四川
48590623,广东
91861360,四川
206291086,美国
152212261,浙江
4561720,上海
3931478,浙江
63115912,河北
60550125,重庆
51156170,福建
63829316,安徽
1170224,广东
69999971,北京
83885200,云南
152061729,广东
74342889,北京
51894701,福建
53126862,浙江
273619044,湖南
48340177,北京
36250262,海南
2130962,重庆
1187356,上海
5951722,上海
4652123,海南
190374936,北京
1222325,北京
76317126,北京
181096809,山东
3497572,浙江
80918654,江苏
2120065,北京
113298743,北京
68724331,上海
3627289,江苏
60775722,广东
197653731,湖北
134050241,北京
102623235,北京
46481551,北京
47738965,福建
69174779,上海
2399942,北京
72888029,北京
179697496,福建
191198532,江苏
2577734,北京
161147127,浙江
51686878,上海
155703172,北京
162395934,四川
1877382,北京
1818238,中国澳门
210080236,内蒙古
61774653,广东
156351372,福建
41375338,北京
1961170,马来西亚
50094519,江苏
1983358,上海
187266648,广东
257296876,青海
170840646,北京
80199247,湖南
3644538,上海
168757140,江苏
1019694,四川
256415486,四川
161335886,辽宁
181532671,福建
140345244,北京
1204085,上海
172771750,河南
71463174,上海
133677980,浙江
1819973,重庆
207213206,北京
137063847,陕西
263470740,江苏
183816493,浙江
134871709,广东
9499855,山西
48939449,福建
151086469,广东
175517073,山东
220320626,北京
1399116,北京
54703213,上海
151950813,英国
256779434,广东
57431405,四川
6797539,重庆
165289252,河南
1239443,中国香港
219457297,北京
1928576,江苏
46493791,重庆
56927848,浙江
2329896,广东
132042024,北京
1284027,北京
154821597,广东
4187023,北京
51104504,山东
249829306,山东
128061443,安徽
199190645,陕西
62957094,上海
2669804,北京
83816900,上海
77643763,湖北
257827831,广东
176482334,北京
180644622,北京
231689680,福建
202520117,上海
58093319,四川
2120605,上海
200165652,北京
136745686,北京
1186720,北京
149484284,江苏
98292672,四川
148891174,上海
68589170,北京
195537151,山西
164395709,重庆
48588948,北京
60886329,广东
47176205,上海
136258549,广东
190137533,四川
166009708,上海
174482650,上海
238535191,北京
31733031,江苏
77199689,四川
4297200,广东
70836424,上海
68112666,河北
60095935,山东
48164877,四川
67823983,四川
65777504,北京
132302971,上海
229758898,广东
28826749,北京
2576465,河北
47083532,浙江
162801100,广东
65671289,英国
136792631,北京
47534637,上海
51241738,江苏
142673990,辽宁
68396399,北京
66083811,山东
269883943,河南
72767877,江苏
121755822,浙江
41829568,江苏
1413421,北京
63393478,陕西
230291174,山东
64976438,浙江
38779740,陕西
1183545,湖北
89960590,江苏
167978105,北京
165924169,北京
45500884,浙江
172244217,上海
3101636,广东
213306433,河南
52861697,上海
67148832,江苏
69045970,广西
3513485,上海
195181207,河北
15703686,江西
164176144,四川
3115719,湖北
2494234,广东
199152644,江苏
226315223,北京
126093645,北京
105925237,山西
71255671,广东
153080614,河南
37737722,北京
201171581,广东
152008606,北京
56571057,重庆
1756440,上海
150136875,陕西
197047294,北京
33330554,云南
223012430,四川
55652532,辽宁
200038863,四川
57058976,广东
148190907,北京
1110664,浙江
205362867,山东
1639209,山东
115196992,上海
60545522,四川
156787146,浙江
2860322,北京
135543171,广东
104757717,浙江
141425118,北京
143233268,江苏
260356257,浙江
71892101,北京
3367712,四川
158427100,浙江
47631056,山东
120577026,北京
183507184,山东
16449347,北京
163878409,北京
2206771,河南
245985527,河北
135186255,江苏
2668088,北京
201481344,河南
1136353,湖北
49774069,北京
216667451,江西
190920121,湖北
124573895,上海
238531516,北京
63227444,湖北
253806208,陕西
4352707,广西
194037913,北京
150253592,北京
2458096,广东
125747563,广东
1166692,江苏
2860322,北京
3627289,江苏
191198532,江苏
210080236,内蒙古
57783734,四川
28165185,北京
154821597,广东
172526494,内蒙古
173758519,广东
161147127,浙江
1016866,四川
141710847,山东
190920121,湖北
47631056,山东
1329593,上海
2126832,云南
2216986,北京
143590019,广东
208707422,陕西
2065435,江苏
44473060,贵州
224460618,四川
154042357,安徽
101560136,浙江
196233146,北京
58222498,北京
240301791,北京
40927087,广东
33560621,云南
137204656,上海
137350687,江苏
73131734,江苏
1786966,上海
47088514,湖南
139938343,四川
237715944,安徽
76317126,北京
152072138,河北
1359866,北京
167437759,浙江
247487271,山东
2668088,北京
4625504,北京
146806696,宁夏
59826641,上海
253108158,陕西
216667451,江西
104757717,浙江
36335433,北京
3903699,广东
174825199,河北
252142188,河南
276146247,浙江
62513788,山东
172526494,内蒙古
86505188,河北
30666517,北京
2603819,上海
60404237,浙江
1306221,北京
2628045,北京
2019748,天津
161011093,山东
47631056,山东
3627289,江苏
209435029,北京
190920121,湖北
1741444,山西
144887753,北京
54297349,河北
48319207,上海
60106921,北京
2860322,北京
216387767,四川
37830824,广东
42127963,广东
2984045,福建
49949413,北京
137050697,上海
191853093,浙江
57475766,美国
127478389,河南
1768329,英国
2432492,江苏
49934050,广东
1425058,吉林
2347992,美国
3280495,北京
164604461,重庆
2884120,北京
43029250,江西
51360602,辽宁
48812023,江西
14302023,北京
65792723,重庆
46351623,江苏
66844934,北京
55403526,四川
1617494,上海
230657120,山东
46933063,北京
54475520,浙江
122984435,上海
119833445,浙江
1902031,广东
62606700,北京
4150687,北京
189038003,山东
1659939,贵州
224090861,上海
216821601,北京
3677597,北京
50398302,美国
190090574,山东
2693233,江苏
19157306,四川
3561841,北京
61754139,四川
50213879,云南
149939758,山东
155962055,上海
170909793,江苏
152063458,新疆
221304529,上海
51469521,山东
125992240,中国香港
177734925,美国
27561469,湖北
1744082,山东
173952981,广东
142121293,江西
252041994,浙江
53599542,天津
162583955,江苏
65121695,新疆
48425215,广东
1083626,广东
106327005,日本
189038003,山东
184318973,四川
83503437,北京
134044012,北京
133471157,浙江
154311124,河南
213670112,广东
50612909,湖北
159655075,中国香港
3267811,北京
4217802,福建
1029752,福建
64544029,江苏
4584253,湖南
44185112,广东
54522180,北京
1284902,广东
181048694,浙江
43353706,湖北
138724776,四川
161353974,上海
190534968,河北
151979574,河南
172526494,内蒙古
139736965,四川
156470714,北京
186221561,北京
64328029,重庆
51588181,北京
2860322,北京
57372634,上海
177853316,海南
104757717,浙江
130317039,河北
2083052,贵州
135186255,江苏
72888029,北京
162043028,湖北
172590933,天津
247487271,山东
187041151,江苏
55577108,广西
2516247,北京
159774172,上海
152142084,广西
253108158,陕西
166168890,上海
268802318,广西
69683860,山东
4164078,上海
86954634,湖南
265885881,山东
120187432,上海
26524730,浙江
1077129,上海
2336511,中国台湾
39081665,上海
1342903,广东
50864883,澳大利亚
44310198,海南
12744553,四川
3425802,北京
48371287,北京
4638543,四川
3189471,广东
2755066,上海
37987303,四川
62819038,江苏
80653338,北京
3539708,广东
10721010,北京
120268630,美国
56191040,重庆
42805862,中国香港
78183847,四川
1400433,上海
1126281,广东
214516155,北京
106317011,广东
36486763,北京
172909639,江苏
3027195,浙江
4495690,广东
48917226,重庆
1176560,北京
144132224,广东
1793618,英国
144347076,广东
4273374,上海
65178421,上海
1385969,北京
3983505,辽宁
4390456,中国香港
103053234,上海
59293395,北京
79949272,天津
174491806,日本
49280862,辽宁
148179346,北京
103270163,广东
174578265,浙江
189004931,广东
83489339,上海
188465102,广东
63406248,广东
82773688,广东
121391596,河北
1634596,北京
123436161,陕西
66742915,日本
40970319,上海
2919413,上海
103077795,湖南
57062689,北京
136238454,北京
51752557,重庆
200551800,山东
216148566,福建
99983534,海南
184235807,北京
157605758,云南
15542933,上海
208477307,四川
39227205,广东
255283730,广东
170834900,浙江
115754805,北京
3662577,福建
197068459,湖南
45598642,新疆
138655929,上海
189479334,辽宁
2262523,江西
28582404,上海
184252810,重庆
78633581,山东
3116191,北京
179128205,广东
3647951,河南
63147887,上海
138944351,江苏
198811479,辽宁
44473060,贵州
195837183,浙江
247200255,北京
36335433,北京
163869355,广东
143805058,山东
7282669,浙江
124573895,上海
253844692,广东
3566957,辽宁
167752227,浙江
172526494,内蒙古
41117868,上海
119600286,浙江
33560621,云南
136664541,河南
52315535,广东
194607621,天津
72888029,北京
40261878,北京
2229280,马来西亚
86505188,河北
81586924,北京
47315898,河北
1053522,江苏
255729266,浙江
207809933,陕西
179317494,云南
2516247,北京
262366247,山东
247487271,山东
53748765,北京
129059108,河北
36723501,浙江
65173968,广东
58081101,河南
209199205,河北
143043348,福建
155955164,江苏
49772958,北京
43181635,中国香港
52157367,上海
194741693,广东
2843460,江苏
178565807,上海
149964660,北京
69219968,重庆
2492038,广东
1688615,江苏
139364277,江苏
177227951,湖南
154425021,北京
69947819,广东
124573895,上海
157689611,中国香港
174269147,辽宁
144231750,安徽
196497072,黑龙江
89380154,广东
1147451,上海
253313971,黑龙江
78065496,广东
64155300,四川
11618591,广东
83483930,山东
2536847,陕西
157432394,福建
153934885,德国
3903687,北京
126023713,河北
60153445,浙江
156736953,浙江
3331173,江苏
1136353,湖北
189708801,北京
163363489,天津
163809107,天津
33560621,云南
71061652,北京
37796090,辽宁
197047294,北京
77423976,美国
3485381,上海
2860322,北京
130139652,上海
51894701,福建
138619037,山西
259755640,广西
183618330,北京
2603819,上海
65923363,上海
3525194,广东
275904031,江西
4625504,北京
155752101,江苏
47809915,上海
45507274,上海
211139318,浙江
238759920,福建
3913640,辽宁
135820992,安徽
3627289,江苏
133677980,浙江
61774653,广东
176695078,江苏
265236769,广东
128532849,北京
259206326,河南
95525889,北京
33560621,云南
163869355,广东
203422093,湖南
69366346,广东
190539097,广东
86505188,河北
44473060,贵州
240340605,江西
247200255,北京
179327948,四川
162471359,重庆
249143457,浙江
101560136,浙江
268222129,河北
223664862,北京
259755640,广西
166260597,吉林
217604387,黑龙江
160406663,北京
82183438,河北
227918549,陕西
272335125,广东
247487271,山东
271288194,黑龙江
1227995,广东
2289860,贵州
151962368,广东
226184217,湖南
54269423,北京
151010953,广东
68724391,上海
144434911,四川
137228249,上海
254201393,广东
162989918,江苏
61543146,内蒙古
32236434,湖北
249981282,湖北
126585478,四川
1434391,河北
266946864,湖北
32047885,广东
177747306,浙江
182073887,上海
4742801,浙江
144961026,福建
4558566,广东
128653041,广东
198069904,山东
189511221,浙江
17494756,中国香港
177828489,广东
56535339,陕西
28368879,广东
210865824,广西
2945450,浙江
57967461,北京
51728044,上海
258491341,上海
49613201,北京
37259972,广东
1047753,北京
161657439,江苏
78065496,广东
174887771,辽宁
175414487,北京
135186255,江苏
53585021,江苏
53613967,重庆
51601022,河南
113667090,浙江
2735904,江苏
2233142,广东
170043786,江苏
1569350,广东
47631056,山东
55577108,广西
3198464,北京
2860322,北京
41133687,上海
152142084,广西
161147127,浙江
101560136,浙江
148891174,上海
1155527,江苏
1053522,江苏
1961170,马来西亚
268802318,广西
86954634,湖南
2458096,广东
1458439,北京
198811479,辽宁
182565365,浙江
142135360,辽宁
172526494,内蒙古
185027307,浙江
58222498,北京
1016866,四川
190920121,湖北
47631056,山东
59881801,辽宁
69402056,山西
33560621,云南
151900228,湖北
53748765,北京
247200255,北京
260911388,江苏
4542860,四川
197229362,陕西
2229280,马来西亚
185535447,上海
240301791,北京
154904443,上海
275904031,江西
44473060,贵州
37129491,安徽
87704562,中国台湾
272335125,广东
177517896,吉林
167327718,广西
253108158,陕西
195076831,北京
15156211,浙江
64052980,北京
2943505,北京
37131063,江苏
1648219,中国香港
35272681,浙江
56006606,山东
2684149,河南
38424071,江苏
133519688,上海
38837902,广东
92741098,陕西
4195445,北京
136764128,江西
58229887,贵州
62540195,河南
157480974,云南
170270005,江西
1612198,北京
3609727,天津
1861433,重庆
1049746,四川
1813717,日本
1041423,上海
160962149,上海
66667644,美国
2732338,重庆
93386757,四川
136842036,上海
1803305,江苏
177377206,北京
178918272,广东
160758632,北京
34174761,福建
56925526,上海
40411891,重庆
34021054,上海
127866586,浙江
44195313,北京
157721705,河南
1326904,广东
49649466,上海
152068550,北京
135501791,浙江
62846512,浙江
2603819,上海
72100627,广东
164788334,美国
135154608,山东
154805320,湖北
165794623,上海
130193971,上海
185027307,浙江
33560621,云南
168358753,福建
239438994,广东
1732691,日本
190920121,湖北
158427100,浙江
149447792,北京
2326145,广西
163809107,天津
47631056,山东
3566957,辽宁
1045899,河北
86505188,河北
1836258,北京
1053522,江苏
41133687,上海
2860322,北京
238759920,福建
2516247,北京
60158237,浙江
240301791,北京
83616696,天津
2876166,上海
126401152,辽宁
274465512,北京
151997207,浙江
1856615,陕西
51924280,广东
45155874,浙江
49809335,重庆
1428759,江苏
14391510,上海
42116156,浙江
82520413,澳大利亚
108489684,天津
162181991,江苏
58449012,上海
3510792,内蒙古
58635769,福建
15234344,北京
60891852,上海
50937217,江苏
1457925,上海
166803215,广东
49095018,天津
59059057,北京
188275635,江西
52720706,四川
49364001,北京
49198892,上海
1794637,浙江
184277690,辽宁
27846211,北京
1256388,浙江
138167222,山东
49098505,福建
150010052,山东
80299241,北京
1786721,江苏
1410468,江苏
1320322,四川
119445325,吉林
2269702,四川
178565807,上海
1569350,广东
47631056,山东
146406357,河北
69683860,山东
181090915,吉林
2860322,北京
1306221,北京
189644616,上海
104757717,浙江
86505188,河北
2516247,北京
1892895,北京
1686297,上海
22569350,河南
2860322,北京
46702887,北京
2560623,北京
1018146,北京
4712742,四川
70549222,湖北
58222498,北京
165961584,四川
40523064,山东
35686947,江苏
2890114,福建
50629352,湖南
129112347,浙江
53333018,上海
145479715,陕西
67591138,上海
2165508,北京
1449703,广东
226055333,广东
226670791,新加坡
43729297,江苏
148438301,云南
33325141,澳大利亚
1297475,上海
90097523,广东
49473053,江苏
1284947,广东
43812009,上海
35233612,北京
61754139,四川
154311124,河南
54647076,广东
137756915,山东
200258236,内蒙古
177600980,广东
162977683,四川
149216015,北京
41168593,广东
1215880,河北
13822677,四川
3371724,北京
180470110,上海
81913705,美国
1368598,上海
3803572,河北
159532059,浙江
4290561,云南
3977154,云南
55273908,中国香港
55895751,北京
2215937,上海
158573455,山东
68030126,海南
36337453,上海
69258021,北京
2977861,美国
217810411,江苏
3809075,福建
167997867,甘肃
52278458,陕西
2592641,陕西
45950734,辽宁
124091634,广东
2057344,北京
53216235,四川
34929495,江苏
48477485,广东
2178451,北京
53962109,上海
161335886,辽宁
1345496,北京
178347830,北京
1291259,广东
53509379,吉林
2847279,北京
31815624,江西
179378163,江苏
91726737,浙江
141550618,中国香港
46295098,湖南
141308103,福建
149717401,陕西
125542489,辽宁
178565807,上海
44168774,北京
59524378,山东
50223069,北京
16631807,上海
163457922,重庆
156351372,福建
65217239,四川
127317710,四川
168017524,江西
26398930,河北
139212818,吉林
48340177,北京
140018497,重庆
2269068,日本
54475520,浙江
69484736,北京
63167150,山东
219063275,上海
91874949,上海
44087578,江苏
41649419,北京
166350934,安徽
67057953,北京
29564013,北京
4833775,浙江
130602812,安徽
2456010,北京
169358216,中国香港
73131734,江苏
63548084,北京
29075889,新加坡
49699013,广东
3190554,浙江
36102949,上海
28165185,北京
1048449,北京
98231333,上海
1096896,重庆
2934607,辽宁
54482747,辽宁
224276946,天津
202183587,山东
155281899,四川
62874708,北京
210169058,黑龙江
4152095,北京
240099260,重庆
227013429,广东
131177531,广东
1243488,北京
244717109,上海
184223211,浙江
43586818,广东
1639184,北京
95525889,北京
26863991,上海
115854319,广东
9207363,浙江
81149989,浙江
3576312,浙江
73929184,江苏
1103197,河南
202015934,云南
210080236,内蒙古
255868993,安徽
136928680,云南
3050424,江苏
157711190,上海
1066237,广东
179479275,上海
2443873,广东
26226046,上海
54380617,江苏
212174974,福建
3825348,山东
138219995,四川
152671461,安徽
2847924,浙江
2211931,北京
223021966,广东
77863511,北京
108489684,天津
63991321,法国
83616696,天津
48917226,重庆
79049984,安徽
120691485,浙江
47690366,天津
54653146,河南
126401152,辽宁
147579948,江苏
8333903,上海
2876166,上海
60095935,山东
159232648,浙江
274465512,北京
1454028,上海
119918603,福建
2507612,湖南
2479920,上海
62619587,上海
169731246,重庆
123814843,美国
1338590,河北
153605461,辽宁
165351933,四川
2271053,四川
139563730,北京
152072138,河北
1786721,江苏
42116156,浙江
59059057,北京
188275635,江西
1794637,浙江
2720898,北京
44310198,海南
52720706,四川
52441640,浙江
1000649,安徽
1320322,四川
59782397,北京
151304143,北京
62560040,北京
164439991,上海
2171891,四川
49669519,江苏
52299470,江西
164892244,北京
2008561,安徽
72941446,上海
1166692,江苏
1439441,江苏
214957347,江西
178227373,广东
140854165,辽宁
6464118,北京
130920762,广东
12508543,加拿大
81393262,浙江
1075651,四川
236079774,上海
121614366,浙江
1155832,北京
112473947,上海
2854271,湖南
168017524,江西
45856364,澳大利亚
207026842,山东
7282669,浙江
31242506,浙江
79251009,上海
2229280,马来西亚
96497788,北京
159718966,山东
121902065,英国
168071790,宁夏
46829200,广东
31519534,江西
154805320,湖北
68473059,上海
185328381,福建
2807937,湖南
239265822,辽宁
45243394,江苏
2068462,山东
4013800,北京
147577220,贵州
2202819,江苏
2858957,北京
1553180,上海
128129644,浙江
1354742,广东
138887061,陕西
52556881,北京
2392134,美国
39557203,江苏
37259972,广东
145848764,江苏
2795485,上海
3627289,江苏
1371880,北京
2592641,陕西
2974335,浙江
70285761,北京
38754265,山东
141777842,北京
131405024,四川
162627456,河南
215867690,河南
102456163,上海
253108158,陕西
140741149,内蒙古
214097738,北京
56927848,浙江
186221561,北京
132829450,北京
61774653,广东
157474678,上海
88068768,广东
72888029,北京
134131045,上海
2603819,上海
62392719,上海
145724386,北京
190920121,湖北
1155527,江苏
82183438,河北
44473060,贵州
1928576,江苏
259755640,广西
205362867,山东
1217929,江苏
178565807,上海
2159916,北京
104757717,浙江
2266243,重庆
2504807,上海
135820992,安徽
105925237,山西
233700506,湖北
158061987,广东
183671586,北京
242432877,河南
2860322,北京
1202601,上海
2678368,中国香港
172526494,内蒙古
150866755,浙江
44671296,江苏
158138482,山东
2015994,浙江
154064165,广东
161011093,山东
2225410,广东
223878402,江西
137703794,河南
2206771,河南
136117342,上海
138817494,北京
217604387,黑龙江
157244982,北京
228229652,江西
1370965,上海
72050022,上海
223664862,北京
127936816,山东
12824797,上海
47631056,山东
70549222,湖北
238759920,福建
1067641,西班牙
161147127,浙江
158182179,山东
33560621,云南
150136875,陕西
104757717,浙江
247487271,山东
255433500,广东
2206771,河南
259755640,广西
44473060,贵州
233700506,湖北
148735029,江苏
262529959,河北
223664862,北京
172526494,内蒙古
264499107,四川
4164078,上海
216074321,北京
228229652,江西
86505188,河北
165294049,江苏
240099260,重庆
214243539,广东
1045899,河北
2056470,上海
47339886,广西
159958026,广西
2516247,北京
3409781,浙江
133677980,浙江
89043167,上海
41375338,北京
55390959,陕西
253108158,陕西
48966717,北京
155962983,北京
186548600,山东
37945741,上海
149600300,云南
166367268,广东
43383073,浙江
2949356,浙江
4308433,天津
2737198,广东
126506015,中国香港
167107983,广西
26072594,加拿大
147764105,天津
53382678,四川
77120383,广东
39778105,湖北
163138173,广东
63679029,北京
114429178,福建
148022393,福建
150046392,上海
223935224,荷兰
4199984,上海
130287400,山东
200465242,山东
92641696,广西
32536351,辽宁
53361344,上海
173907002,江西
57052407,湖北
46372640,江苏
142459808,河北
58155330,山东
54756108,重庆
93758972,湖北
197963874,北京
3568512,北京
132281682,广东
23898693,四川
51884181,上海
153140789,上海
204687559,河南
49255582,山东
160979712,云南
68916376,瑞士
72393880,上海
1704882,重庆
4350484,广东
86505188,河北
1329593,上海
3835563,日本
185027307,浙江
2024660,北京
1018558,内蒙古
46481551,北京
275904031,江西
126023713,河北
42097517,北京
252739413,河南
266355508,吉林
102456163,上海
104757717,浙江
149447792,北京
47631056,山东
1871731,浙江
195437119,上海
2860322,北京
2451187,美国
1187356,上海
253108158,陕西
206763731,安徽
1399116,北京
48999105,北京
72608807,天津
48554149,江西
161335886,辽宁
151185885,四川
1173577,安徽
3627289,江苏
101560136,浙江
3684199,福建
2024660,北京
2334378,北京
47631056,山东
61578674,上海
254141506,山东
2120605,上海
163247061,北京
88167246,北京
70549222,湖北
2629298,江苏
2860322,北京
141710847,山东
140585973,江苏
179804024,北京
2206771,河南
210725770,江苏
47315898,河北
228229652,江西
3155342,辽宁
57741394,陕西
275904031,江西
4637318,辽宁
237662880,广东
217229466,湖南
258938141,河南
247487271,山东
186221561,北京
47879942,天津
233700506,湖北
133284437,山西
137510235,辽宁
80259508,重庆
196600703,河南
134050241,北京
74793143,浙江
63341899,陕西
172585357,山西
1010310,上海
2681978,北京
148961628,北京
126748848,福建
61774653,广东
3627289,江苏
28295446,河北
1593124,日本
57908166,江苏
1928576,江苏
2525686,广东
53270477,广东
185496326,广东
170043786,江苏
45778517,广东
137699814,北京
67943934,广东
94135736,福建
253108158,陕西
262357920,四川
233700506,湖北
2860322,北京
126880635,加拿大
158734759,辽宁
253108158,陕西
165822667,江苏
161335886,辽宁
104757717,浙江
209190210,山西
262529959,河北
162471359,重庆
130317039,河北
172240924,浙江
255072176,山西
216667451,江西
194607621,天津
216074321,北京
249035843,陕西
2603819,上海
3642678,四川
49085602,黑龙江
33560621,云南
166260597,吉林
3627289,江苏
3093799,上海
104757717,浙江
146406357,河北
45314298,北京
269686036,辽宁
259206326,河南
64663130,湖南
1166692,江苏
47631056,山东
60583406,广东
101560136,浙江
165693272,江苏
203439507,浙江
36486763,北京
1358035,江苏
13632237,河南
1584930,浙江
30065842,河北
1392591,北京
34404618,辽宁
173646549,天津
54176566,北京
2733435,北京
180788971,山西
152184380,浙江
168228478,河北
187426442,安徽
49505536,上海
1259305,北京
1621868,北京
17699773,上海
3737553,广东
147842633,广东
61176270,浙江
96431046,湖南
48499856,北京
45389450,上海
73127394,江苏
75721226,浙江
128588594,福建
94814469,辽宁
41023612,上海
3052794,广东
84104729,广西
51933009,陕西
46751839,上海
41961177,浙江
113381772,山西
152063616,北京
57365117,陕西
9853111,上海
53420163,四川
45079838,山东
3464762,上海
75322883,陕西
44032995,广东
163678088,北京
3584650,上海
155020482,新疆
1410468,江苏
164109446,浙江
163676416,内蒙古
87357068,浙江
183019165,湖北
144231750,安徽
2945450,浙江
171389230,上海
2782476,上海
126346369,浙江
161335886,辽宁
38810434,山东
13986521,浙江
48500617,陕西
156347479,广东
50778833,浙江
148208174,重庆
136980632,河南
2261566,浙江
84796406,上海
214507661,内蒙古
3010013,辽宁
1893056,山东
24306011,山东
4116359,广东
27790390,江苏
138944351,江苏
18493946,上海
103905129,广东
135937177,上海
179479275,上海
136733912,北京
53149163,广东
60841792,重庆
3373498,上海
49280862,辽宁
198024123,贵州
106189609,江苏
161714190,浙江
199190645,陕西
219177905,浙江
68990931,广东
145674320,北京
68281777,北京
129014829,北京
40003537,浙江
168996491,陕西
174780294,北京
263617807,江西
1721782,江苏
189872358,江苏
69109513,重庆
74557701,上海
2749651,北京
142824974,山西
124091634,广东
1267429,北京
59150024,福建
4499649,江苏
64201440,江西
36638328,北京
6260234,江苏
41745774,广东
59134785,河北
1457858,浙江
2492038,广东
57686822,安徽
136059879,北京
3795515,浙江
84451595,山西
164129297,广东
209377298,湖南
24974359,上海
98653599,山西
1166681,福建
27415473,广东
41169838,北京
1111486,北京
3715304,北京
3879144,江苏
4428372,辽宁
231629278,重庆
155633993,重庆
189610857,湖北
74290800,广西
1001804,上海
2914451,上海
48018565,北京
1885351,上海
46214005,上海
68596295,河南
1417595,上海
2504807,上海
2245818,上海
148190907,北京
253108158,陕西
50056000,山东
66742915,日本
197047294,北京
34347548,山东
81808624,上海
101560136,浙江
3736341,广东
78861474,山东
146766791,浙江
124458949,北京
262529959,河北
233700506,湖北
137469551,湖南
247487271,山东
136745686,北京
72050022,上海
275605124,上海
160907521,浙江
1001170,广东
44682173,北京
49283643,山东
1541869,广东
154918877,福建
33918162,上海
1133534,上海
2048919,上海
2588391,北京
57982168,四川
58605578,河南
1090308,上海
2227126,浙江
3611128,北京
2567328,北京
1965708,上海
202210256,浙江
3056831,广东
2396704,福建
148344312,安徽
57536012,广东
56796555,湖北
81378317,广东
223842711,重庆
183618330,北京
159812365,湖北
61838722,辽宁
48884717,北京
1505585,广东
50069114,北京
7193948,四川
44090728,江西
135120503,广东
1000751,上海
49020270,北京
1747802,广东
46369922,广东
254317450,北京
2603819,上海
222322465,英国
4629619,甘肃
1961170,马来西亚
187414340,天津
48218218,江苏
233700506,湖北
13654838,广西
166936862,上海
1110664,浙江
59776030,云南
254141506,山东
104757717,浙江
130317039,河北
1067200,浙江
253108158,陕西
47631056,山东
2699021,泰国
180344039,北京
169634070,北京
2857691,北京
70549222,湖北
39129149,河南
51686878,上海
2860322,北京
1017995,陕西
3645454,四川
54848936,四川
73975799,湖北
159182940,北京
60550125,重庆
158235094,山东
92359784,江苏
200038863,四川
55746670,上海
58596058,广东
58081101,河南
155562989,江苏
74290800,广西
48781656,上海
159001685,天津
127851500,江苏
81931512,广东
230234762,北京
137350687,江苏
156736953,浙江
223878402,江西
37830824,广东
196097309,浙江
185536798,甘肃
119684228,江苏
70096653,中国香港
229299752,天津
1376075,广东
157907586,江苏
270540877,浙江
4390109,福建
1634596,北京
1133720,重庆
173910784,贵州
8964389,江西
174900170,湖南
161911611,福建
79779762,北京
131405024,四川
188838344,海南
140401587,浙江
233382022,四川
190577163,辽宁
3895215,湖南
5565447,北京
152176841,天津
33321612,上海
1785273,甘肃
45805326,内蒙古
155709232,江西
142439358,重庆
152186956,广东
120211031,上海
172744191,浙江
1337281,河北
1798808,北京
155303162,上海
7053065,罗马尼亚
124141907,上海
75086193,福建
143846315,浙江
139664969,山西
177537614,上海
4024050,北京
1163853,美国
129671106,四川
160331517,浙江
1270899,江西
11020654,北京
3533460,浙江
56775433,浙江
189496399,上海
102676356,北京
1419283,新疆
54476200,江苏
174462856,北京
17284803,黑龙江
2241468,上海
2801394,湖南
43331012,广东
167835244,江苏
161335886,辽宁
47083532,浙江
142082426,上海
152557607,上海
7711279,泰国
168523038,四川
44250012,江苏
152353632,江苏
67372795,浙江
252853940,吉林
1540469,北京
146129803,云南
40848785,湖南
165351933,四川
65126668,浙江
127093806,意大利
151270129,广东
52152625,北京
2383288,北京
257931323,江西
194142799,天津
104757717,浙江
233700506,湖北
70549222,湖北
2110873,福建
1928576,江苏
2607975,上海
1752308,上海
1067641,西班牙
119291434,北京
81693555,湖南
253108158,陕西
3363697,上海
31946813,北京
2421346,北京
217489744,山东
183892691,广西
142082426,上海
2083441,北京
48485395,北京
3654538,越南
55896798,山东
192955618,广东
102662666,山西
210500314,吉林
152398042,上海
120461877,上海
50206377,上海
90762991,北京
54243477,北京
192404603,陕西
159296270,广东
168996491,陕西
161335886,辽宁
3733528,美国
57831385,江苏
145738740,山东
45789533,上海
167025951,浙江
161675735,重庆
18318076,广东
239412324,山东
268261596,江苏
198811479,辽宁
247200255,北京
121886615,浙江
119600286,浙江
272335125,广东
2567717,北京
198002233,山东
58399917,广东
4537233,山东
163620951,河北
166823612,上海
249143457,浙江
187950225,河南
229962900,广东
212284303,中国香港
41117868,上海
186345483,云南
260911388,江苏
253844692,广东
204856081,天津
2516247,北京
199796944,山东
259755640,广西
202466924,上海
47315898,河北
215297708,福建
209362081,湖南
44473060,贵州
53748765,北京
231950949,天津
240340605,江西
275904031,江西
258484163,广西
185462837,广东
217604387,黑龙江
184017414,山西
33560621,云南
253108625,山东
154468582,海南
1410468,江苏
198124349,北京
1897946,浙江
126023713,河北
174462856,北京
195076831,北京
211930742,北京
162348300,四川
34265245,江西
51200813,江苏
155557404,瑞典
1301373,广东
58965065,重庆
150655598,广东
45930344,上海
1320801,意大利
28370160,美国
50778833,浙江
96241654,福建
169679117,浙江
32402569,河北
1680545,广东
54141112,河北
13986521,浙江
127695398,中国香港
44452306,陕西
33718525,泰国
27790390,江苏
151853168,黑龙江
37756013,北京
162656254,河北
2022881,上海
1582137,广东
43181635,中国香港
73208034,河南
48111850,广东
2455961,辽宁
51871879,内蒙古
3681478,江苏
4479044,福建
190506422,甘肃
89737815,新疆
150042595,湖南
31946813,北京
139845419,北京
30731475,中国澳门
213340517,山西
32916079,湖南
158915131,福建
88130288,湖北
2894978,江苏
121860805,江苏
1542717,上海
58266172,广东
1149214,山东
120076971,辽宁
188975943,江苏
147833709,上海
200885712,广东
60152231,广东
151201644,巴西
156796942,湖北
62555864,北京
1388431,福建
113298743,北京
155592425,广东
89480639,北京
2603819,上海
252739413,河南
86505188,河北
47631056,山东
149447792,北京
2860322,北京
185027307,浙江
90456772,广东
161147127,浙江
102456163,上海
171965882,江苏
4359163,浙江
13871715,北京
155144098,江苏
77643763,湖北
253108158,陕西
63452219,江苏
49098505,福建
156734065,广东
172465605,浙江
62658254,山东
155708892,重庆
2476835,浙江
46395325,北京
1107306,美国
36939317,上海
151334247,浙江
2269702,四川
62290503,上海
147842633,广东
50563041,山东
160394102,云南
49945870,北京
66706238,北京
44973094,北京
4727556,北京
81026699,四川
1421418,上海
59248888,河北
136842036,上海
58370703,北京
258250451,上海
4204353,甘肃
206163813,湖北
157596407,上海
166143345,山西
1324363,广东
56966223,美国
69484736,北京
80797597,浙江
75384023,湖南
2139351,爱尔兰
48363946,北京
77643231,重庆
175737972,白俄罗斯
132547223,浙江
68815820,广东
52956499,四川
150376526,江苏
144371568,广东
79294364,北京
2035537,北京
51973056,上海
6618253,广西
69202875,上海
255054960,陕西
54475520,浙江
139406338,广东
177537614,上海
184718440,江苏
57302450,广东
169681403,陕西
87320541,湖北
3334176,广东
206706190,四川
138192027,山东
63307888,新疆
3627289,江苏
265885881,山东
142790840,广东
2503924,北京
187713859,山东
54141112,河北
52169014,江苏
80017534,上海
231139088,四川
57274477,浙江
44678660,海南
48856867,四川
53325239,上海
56832890,广东
39627284,浙江
77588381,四川
3406467,云南
179398634,浙江
3254664,广东
56810813,福建
190962705,山东
33742934,北京
1401332,安徽
64648933,广东
45151899,浙江
1221168,江西
52112538,江苏
143741828,四川
166387067,山东
3280677,江苏
1346048,河北
2536285,上海
82996270,福建
52442434,美国
1439441,江苏
2210557,福建
1991702,天津
51250134,江苏
1401486,四川
4833775,上海
136880651,四川
3462388,浙江
3677903,上海
29575273,湖北
60047060,广东
145102028,浙江
48189059,上海
3722532,广东
153668279,广西
1779434,北京
1805782,福建
63723166,云南
183769058,广东
161954381,山东
4237632,北京
41691989,上海
16394640,湖南
57774599,江苏
1819501,湖南
2197404,上海
94139983,江西
3600494,浙江
3433238,上海
4851439,上海
47631056,山东
1798808,北京
137234613,山东
1086544,浙江
58052406,北京
55279313,北京
23620767,北京
139236156,浙江
165181633,浙江
63636223,埃及
36414005,浙江
61629639,广东
2874380,江苏
48532507,江苏
190850636,山东
164027709,陕西
45863555,上海
81913705,北京
2211931,北京
158584013,广西
43650478,上海
42468357,澳大利亚
128173704,广东
141625318,克罗地亚
35051709,上海
3528539,德国
166466624,上海
155912071,北京
122984435,上海
63995736,四川
193461116,北京
28493840,美国
66749011,爱尔兰
136928680,云南
46112521,浙江
148735029,江苏
216359409,宁夏
147748249,浙江
134022086,山东
97447657,上海
49162916,北京
1187356,上海
131374829,四川
121083827,浙江
62906907,广东
49871562,重庆
14952687,德国
59752294,北京
1659939,贵州
4300008,上海
57981520,四川
3599100,陕西
123865345,山东
103575153,浙江
39120640,湖北
51176438,上海
208742619,北京
1306221,北京
1346154,北京
161954510,浙江
78599291,广东
66786857,天津
49290849,四川
156883939,日本
42048011,广东
253406685,河南
184761179,河北
1955043,广东
190010269,湖南
224018120,山东
139736965,四川
102807677,湖北
135277820,广东
154621326,江苏
147492858,湖北
61530930,上海
1294273,上海
167922300,浙江
139457414,辽宁
63995663,广东
62377536,上海
257306298,北京
199190645,陕西
61406882,广东
145004595,北京
72888029,北京
207361278,海南
2928579,广东
87907623,河南
142366011,上海
172615646,上海
15258399,四川
187384105,北京
2237577,山西
44437250,广东
194947491,江苏
3780124,吉林
20023390,北京
51023000,四川
173123620,新疆
35030018,北京
183230313,辽宁
72861793,河南
1413897,山东
3512143,上海
177744115,广东
55562454,上海
4682542,浙江
183185738,江苏
49095018,天津
222556053,北京
43961392,吉林
4880729,北京
92163832,上海
274862846,湖南
103675263,广东
1053491,上海
151003173,河南
4537233,山东
269957966,北京
62359331,北京
240301791,北京
263737632,湖北
163618528,山东
141710847,山东
84454865,江苏
77588381,四川
1928576,江苏
197047294,北京
2546185,上海
147577220,贵州
52403650,重庆
150765267,江苏
138984971,北京
